# clubelo_20240614.csv — point-in-time club ratings, verbatim clubelo.com free-API CSV response.
# SOURCE: clubelo.com free API, endpoint http://api.clubelo.com/2024-06-14 (no account/key).
#   Accessed 2026-06-10. Snapshot as-of 2024-06-14 for euro2024 (UEFA Euro 2024 opened 2024-06-14).
# clubelo.com terms: free to use, attribution appreciated (recorded in SOURCES.md).
# Point-in-time: the /<YYYY-MM-DD> route returns each club's Elo as-of that date,
#   reflecting ONLY club results known before it (leakage-safe, strictly pre-cutoff).
# Columns are the verbatim clubelo response: Rank,Club,Country,Level,Elo,From,To.
# The build script (scripts/build_squad_z.py) skips '#' lines; the join key is `Club`.
Rank,Club,Country,Level,Elo,From,To
1,Man City,ENG,1,2050.57299805,2024-05-20,2024-08-18
2,Real Madrid,ESP,1,1997.41125488,2024-06-02,2024-08-18
3,Inter,ITA,1,1964.77954102,2024-05-30,2024-08-17
4,Arsenal,ENG,1,1946.90283203,2024-05-23,2024-08-17
5,Leverkusen,GER,1,1925.04150391,2024-06-02,2024-08-22
6,Liverpool,ENG,1,1900.68835449,2024-06-02,2024-08-17
7,Bayern,GER,1,1900.06628418,2024-06-02,2024-08-22
8,Atalanta,ITA,1,1884.4744873,2024-06-03,2024-08-17
9,Barcelona,ESP,1,1882.09338379,2024-06-02,2024-08-16
10,Paris SG,FRA,1,1877.40136719,2024-06-02,2024-08-06
11,Dortmund,GER,1,1869.18908691,2024-06-02,2024-08-22
12,RB Leipzig,GER,1,1846.6940918,2024-06-02,2024-08-22
13,Milan,ITA,1,1838.72802734,2024-05-30,2024-08-17
14,Atletico,ESP,1,1828.52355957,2024-06-02,2024-08-19
15,Juventus,ITA,1,1827.82836914,2024-06-02,2024-08-19
16,Roma,ITA,1,1812.41601562,2024-05-30,2024-08-15
17,Chelsea,ENG,1,1810.11962891,2024-06-02,2024-08-09
18,Stuttgart,GER,1,1808.23937988,2024-06-02,2024-08-08
19,Sporting,POR,1,1805.62133789,2024-05-25,2024-07-25
20,Newcastle,ENG,1,1801.79711914,2024-05-25,2024-08-17
21,Bologna,ITA,1,1795.25170898,2024-05-30,2024-08-18
22,Girona,ESP,1,1793.73266602,2024-06-02,2024-08-15
23,PSV,NED,1,1793.68835449,2024-06-02,2024-07-25
24,Tottenham,ENG,1,1790.55664062,2024-05-27,2024-08-01
25,Lazio,ITA,1,1784.74365234,2024-05-30,2024-08-15
26,Man United,ENG,1,1779.04394531,2024-05-30,2024-08-01
27,Napoli,ITA,1,1778.8536377,2024-05-30,2024-08-01
28,Porto,POR,1,1778.34240723,2024-05-30,2024-07-25
29,Fiorentina,ITA,1,1776.37329102,2024-06-03,2024-08-17
30,Aston Villa,ENG,1,1770.43505859,2024-06-03,2024-08-08
31,Benfica,POR,1,1767.84130859,2024-06-03,2024-07-25
32,Sociedad,ESP,1,1766.55554199,2024-06-03,2024-08-11
33,Bilbao,ESP,1,1764.15380859,2024-06-03,2024-08-11
34,Feyenoord,NED,1,1763.36889648,2024-06-02,2024-07-25
35,Monaco,FRA,1,1761.04504395,2024-05-26,2024-08-01
36,Crystal Palace,ENG,1,1759.70800781,2024-05-26,2024-08-01
37,Lille,FRA,1,1751.39599609,2024-05-20,2024-08-06
38,Villarreal,ESP,1,1742.09753418,2024-06-02,2024-08-15
39,Torino,ITA,1,1738.89416504,2024-05-30,2024-08-15
40,Brugge,BEL,1,1733.94091797,2024-05-27,2024-07-25
41,West Ham,ENG,1,1726.24291992,2024-05-20,2024-08-01
42,Marseille,FRA,1,1724.24462891,2024-05-20,2024-07-25
43,Galatasaray,TUR,1,1721.62023926,2024-05-27,2024-07-23
44,Lens,FRA,1,1719.13769531,2024-05-27,2024-07-30
45,Fulham,ENG,1,1716.27636719,2024-05-20,2024-07-23
46,Fenerbahce,TUR,1,1713.58874512,2024-05-27,2024-07-23
47,Lyon,FRA,1,1713.1796875,2024-05-27,2024-08-06
48,Brighton,ENG,1,1713.16320801,2024-05-27,2024-08-13
49,Brentford,ENG,1,1711.08398438,2024-05-20,2024-08-07
50,Betis,ESP,1,1709.26013184,2024-06-02,2024-08-07
51,Everton,ENG,1,1706.85083008,2024-05-26,2024-08-07
52,Brest,FRA,1,1704.33203125,2024-05-26,2024-08-02
53,Nice,FRA,1,1702.64208984,2024-05-26,2024-08-02
54,Slavia Praha,CZE,1,1702.1673584,2024-05-27,2024-07-21
55,St Gillis,BEL,1,1701.48962402,2024-05-27,2024-07-21
56,Frankfurt,GER,1,1696.98669434,2024-06-02,2024-07-21
57,Genoa,ITA,1,1696.19250488,2024-05-30,2024-07-27
58,Rennes,FRA,1,1693.56115723,2024-06-02,2024-08-06
59,Mainz,GER,1,1693.44543457,2024-06-02,2024-08-07
60,Bournemouth,ENG,1,1691.12365723,2024-05-25,2024-08-07
61,Hoffenheim,GER,1,1683.03820801,2024-06-02,2024-07-25
62,Sparta Praha,CZE,1,1679.60803223,2024-06-02,2024-07-19
63,Wolves,ENG,1,1677.86230469,2024-06-02,2024-08-10
64,Freiburg,GER,1,1677.5723877,2024-06-02,2024-08-10
65,Sevilla,ESP,1,1676.25158691,2024-06-02,2024-08-10
66,Olympiakos,GRE,1,1673.05273438,2024-05-30,2024-07-24
67,Werder,GER,1,1666.80993652,2024-06-02,2024-08-13
68,Udinese,ITA,1,1666.17004395,2024-05-30,2024-08-10
69,Monza,ITA,1,1664.85754395,2024-05-30,2024-08-10
70,Valencia,ESP,1,1663.41638184,2024-06-02,2024-08-08
71,Salzburg,AUT,1,1653.84057617,2024-06-02,2024-07-25
72,Celta,ESP,1,1653.12805176,2024-06-02,2024-07-27
73,Wolfsburg,GER,1,1652.27380371,2024-06-02,2024-07-27
74,Gladbach,GER,1,1652.19067383,2024-06-02,2024-07-27
75,Osasuna,ESP,1,1651.60498047,2024-06-02,2024-07-27
76,Forest,ENG,1,1647.71496582,2024-06-02,2024-07-22
77,Heidenheim,GER,1,1646.39916992,2024-06-02,2024-07-20
78,FC Kobenhavn,DEN,1,1646.36230469,2024-06-01,2024-07-20
79,Montpellier,FRA,1,1645.79785156,2024-06-01,2024-07-20
80,Alaves,ESP,1,1645.66687012,2024-06-02,2024-07-20
81,Toulouse,FRA,1,1644.09509277,2024-06-02,2024-07-20
82,Leicester,ENG,2,1643.66943359,2024-06-02,2024-07-03
83,Mallorca,ESP,1,1642.41369629,2024-06-02,2024-07-20
84,Verona,ITA,1,1639.8404541,2024-06-02,2024-07-20
85,Anderlecht,BEL,1,1639.73596191,2024-06-02,2024-07-20
86,Union Berlin,GER,1,1639.59411621,2024-06-02,2024-07-20
87,PAOK,GRE,1,1639.20568848,2024-05-30,2024-07-20
88,Celtic,SCO,1,1638.98193359,2024-05-27,2024-07-20
89,Empoli,ITA,1,1638.60705566,2024-05-30,2024-07-20
90,Zenit,RUS,1,1637.47314453,2024-05-30,2024-07-20
91,Braga,POR,1,1635.75927734,2024-05-30,2024-07-25
92,Gent,BEL,1,1634.1505127,2024-06-03,2024-07-25
93,Reims,FRA,1,1633.6229248,2024-06-03,2024-08-04
94,Getafe,ESP,1,1626.93151855,2024-06-03,2024-08-04
95,Twente,NED,1,1626.73474121,2024-06-03,2024-07-25
96,Augsburg,GER,1,1626.43786621,2024-06-03,2024-07-25
97,Midtjylland,DEN,1,1623.94299316,2024-05-27,2024-07-19
98,Ajax,NED,1,1619.48632812,2024-05-30,2024-07-19
99,AEK,GRE,1,1619.46569824,2024-05-30,2024-07-19
100,Lecce,ITA,1,1618.49060059,2024-05-30,2024-07-19
None,Rangers,SCO,1,1617.8104248,2024-05-30,2024-07-25
None,Nordsjaelland,DEN,1,1616.64160156,2024-05-27,2024-07-19
None,M Tel Aviv,ISR,1,1613.71508789,2024-05-26,2024-07-23
None,Rayo Vallecano,ESP,1,1612.1784668,2024-06-02,2024-08-17
None,Cagliari,ITA,1,1611.59204102,2024-05-30,2024-08-18
None,Burnley,ENG,1,1611.26379395,2024-05-20,2024-07-03
None,Frosinone,ITA,1,1610.27258301,2024-05-30,2024-07-03
None,Strasbourg,FRA,1,1608.73596191,2024-05-20,2024-08-06
None,Leeds,ENG,2,1606.81713867,2024-05-27,2024-08-10
None,Koeln,GER,1,1606.55456543,2024-06-02,2024-07-03
None,Shakhtar,UKR,1,1599.63427734,2024-05-26,2024-07-23
None,Southampton,ENG,2,1599.60339355,2024-05-27,2024-07-03
None,Young Boys,SUI,1,1598.90771484,2024-05-26,2024-07-21
None,Espanyol,ESP,2,1598.88330078,2024-06-14,2024-06-16
None,St Pauli,GER,2,1598.63818359,2024-06-02,2024-07-03
None,Bodoe Glimt,NOR,1,1598.21887207,2024-06-03,2024-06-28
None,Bochum,GER,1,1596.98461914,2024-06-02,2024-08-22
None,Karabakh Agdam,AZE,0,1596.77478027,2024-03-15,2024-07-11
None,Duesseldorf,GER,2,1596.37768555,2024-06-02,2024-08-04
None,Sassuolo,ITA,1,1596.24829102,2024-05-30,2024-07-03
None,Sturm Graz,AUT,1,1594.80541992,2024-05-20,2024-07-25
None,Valladolid,ESP,2,1593.77954102,2024-06-03,2024-07-03
None,Cadiz,ESP,1,1590.99645996,2024-06-02,2024-07-03
None,Alkmaar,NED,1,1590.69421387,2024-05-20,2024-07-25
None,Brondby,DEN,1,1590.56237793,2024-05-27,2024-07-21
None,Las Palmas,ESP,1,1588.57495117,2024-06-02,2024-08-16
None,Maccabi Haifa,ISR,1,1586.8013916,2024-05-26,2024-07-23
None,Antwerp,BEL,1,1583.0279541,2024-05-27,2024-07-25
None,Cercle Brugge,BEL,1,1577.49475098,2024-05-27,2024-07-25
None,Genk,BEL,1,1575.50683594,2024-06-03,2024-07-25
None,Holstein,GER,2,1573.51721191,2024-06-02,2024-07-03
None,Viktoria Plzen,CZE,1,1572.04345703,2024-05-27,2024-07-20
None,Parma,ITA,2,1571.97216797,2024-05-30,2024-07-03
None,Hamburg,GER,2,1571.10571289,2024-06-02,2024-08-02
None,Panathinaikos,GRE,1,1570.89807129,2024-05-30,2024-07-24
None,Ipswich,ENG,2,1568.32556152,2024-05-10,2024-07-03
None,Oviedo,ESP,2,1567.19140625,2024-06-13,2024-06-16
None,Eibar,ESP,2,1567.18664551,2024-06-13,2024-08-17
None,Leganes,ESP,2,1566.73596191,2024-06-03,2024-07-03
None,Venezia,ITA,2,1565.5637207,2024-06-03,2024-07-03
None,Luton,ENG,1,1563.97265625,2024-05-20,2024-07-03
None,Dinamo Zagreb,CRO,1,1562.52587891,2024-05-27,2024-07-25
None,Almeria,ESP,1,1559.73291016,2024-06-02,2024-07-03
None,Lorient,FRA,1,1558.77148438,2024-05-20,2024-07-03
None,Guimaraes,POR,1,1558.66723633,2024-05-19,2024-07-25
None,Auxerre,FRA,2,1558.64770508,2024-05-18,2024-07-03
None,Crvena Zvezda,SRB,1,1558.24157715,2024-05-26,2024-07-20
None,Lok Moskva,RUS,1,1557.65917969,2024-05-26,2024-07-20
None,CSKA Moskva,RUS,1,1556.83203125,2024-05-26,2024-07-20
None,Levante,ESP,2,1553.99157715,2024-06-03,2024-08-18
None,FC Krasnodar,RUS,1,1552.47021484,2024-05-26,2024-07-21
None,Cremonese,ITA,2,1551.0949707,2024-06-03,2024-08-18
None,Como,ITA,2,1545.97338867,2024-05-30,2024-07-03
None,Le Havre,FRA,1,1542.11987305,2024-05-20,2024-08-06
None,Karlsruhe,GER,2,1541.93493652,2024-06-02,2024-08-03
None,Nantes,FRA,1,1541.51818848,2024-05-20,2024-08-06
None,Granada,ESP,1,1541.32678223,2024-06-02,2024-07-03
None,Spartak Moskva,RUS,1,1541.27478027,2024-05-26,2024-07-21
None,Clermont,FRA,1,1538.69848633,2024-05-20,2024-07-03
None,Metz,FRA,1,1536.86694336,2024-05-20,2024-07-03
None,Middlesbrough,ENG,2,1534.9263916,2024-05-10,2024-08-10
None,Salernitana,ITA,1,1531.0111084,2024-05-30,2024-07-03
None,Bueyueksehir,TUR,1,1530.33972168,2024-05-27,2024-07-23
None,Dynamo Moskva,RUS,1,1529.61828613,2024-05-26,2024-07-20
None,West Brom,ENG,2,1523.57080078,2024-05-18,2024-08-10
None,Hertha,GER,2,1522.59765625,2024-06-02,2024-08-03
None,Utrecht,NED,1,1522.36181641,2024-05-27,2024-07-25
None,Mechelen,BEL,1,1520.93017578,2024-05-26,2024-07-25
None,Trabzonspor,TUR,1,1518.85791016,2024-05-27,2024-07-23
None,Molde,NOR,1,1518.01879883,2024-06-03,2024-06-28
None,Sheffield United,ENG,1,1517.16918945,2024-05-20,2024-07-03
None,Dynamo Kyiv,UKR,1,1517.05688477,2024-05-26,2024-07-23
None,Santander,ESP,2,1516.79187012,2024-06-03,2024-08-18
None,Norwich,ENG,2,1513.94689941,2024-05-17,2024-08-10
None,Razgrad,BUL,1,1512.65661621,2024-05-27,2024-07-10
None,Saint-Etienne,FRA,2,1510.51513672,2024-05-25,2024-07-03
None,Paderborn,GER,2,1510.09289551,2024-06-02,2024-08-03
None,LASK,AUT,1,1509.67016602,2024-05-20,2024-07-25
None,Nijmegen,NED,1,1507.76342773,2024-05-24,2024-07-25
None,Sampdoria,ITA,2,1507.04284668,2024-05-30,2024-08-18
None,Aarhus,DEN,1,1504.84741211,2024-05-27,2024-07-19
None,Gijon,ESP,2,1504.77783203,2024-06-14,2024-08-18
None,Servette,SUI,1,1503.93774414,2024-05-26,2024-07-21
None,Schalke,GER,2,1502.74731445,2024-06-02,2024-08-03
None,Hannover,GER,2,1502.55773926,2024-06-02,2024-08-03
None,Sparta Rotterdam,NED,1,1501.38562012,2024-05-24,2024-07-25
None,Huesca,ESP,2,1500.49633789,2024-06-03,2024-08-18
None,Elche,ESP,2,1500.12634277,2024-06-03,2024-08-18
None,Arouca,POR,1,1500.0949707,2024-05-19,2024-07-25
None,Tenerife,ESP,2,1499.10803223,2024-06-03,2024-08-19
None,Darmstadt,GER,1,1497.87158203,2024-06-02,2024-07-03
None,Hull,ENG,2,1497.24401855,2024-05-10,2024-08-10
None,Coventry,ENG,2,1494.5847168,2024-05-10,2024-08-10
None,Malmoe,SWE,1,1492.80493164,2024-06-02,2024-07-07
None,Lugano,SUI,1,1492.58483887,2024-05-26,2024-07-20
None,Albacete,ESP,2,1490.60827637,2024-06-03,2024-08-15
None,St Truiden,BEL,1,1487.18432617,2024-05-26,2024-07-25
None,Besiktas,TUR,1,1484.18811035,2024-05-27,2024-07-23
None,Burgos,ESP,2,1483.99572754,2024-06-03,2024-08-18
None,Zaragoza,ESP,2,1483.93005371,2024-06-03,2024-08-16
None,Charleroi,BEL,1,1482.10620117,2024-05-12,2024-07-25
None,Leuven,BEL,1,1480.81665039,2024-05-26,2024-07-25
None,Ferencvaros,HUN,1,1479.38684082,2024-05-20,2024-07-11
None,Rostov,RUS,1,1478.73327637,2024-05-26,2024-07-20
None,Moreirense,POR,1,1478.42346191,2024-05-19,2024-07-25
None,Larnaca,CYP,0,1477.84204102,2024-01-01,2024-07-11
None,Famalicao,POR,1,1477.84082031,2024-05-18,2024-07-25
None,Spezia,ITA,2,1477.34448242,2024-05-30,2024-08-17
None,Swansea,ENG,2,1477.21557617,2024-05-10,2024-08-10
None,Zuerich,SUI,1,1476.77172852,2024-05-26,2024-07-20
None,Legia,POL,1,1475.45202637,2024-05-26,2024-07-11
None,Fuerth,GER,2,1475.2142334,2024-06-02,2024-08-04
None,Angers,FRA,2,1474.5690918,2024-05-18,2024-07-03
None,Paris FC,FRA,2,1474.05786133,2024-05-22,2024-08-06
None,Cartagena,ESP,2,1473.94946289,2024-06-03,2024-08-18
None,Bristol City,ENG,2,1471.11096191,2024-05-10,2024-08-10
None,Catanzaro,ITA,2,1470.7532959,2024-05-30,2024-08-18
None,Rapid Wien,AUT,1,1470.17041016,2024-05-20,2024-07-25
None,Go Ahead Eagles,NED,1,1470.1673584,2024-05-27,2024-07-25
None,Palermo,ITA,2,1470.13464355,2024-05-30,2024-08-16
None,Aris,GRE,1,1468.45849609,2024-05-30,2024-07-24
None,Brann,NOR,1,1466.12036133,2024-06-02,2024-06-28
None,Watford,ENG,2,1465.54150391,2024-05-10,2024-08-10
None,Rakow,POL,1,1465.32385254,2024-05-26,2024-07-11
None,Millwall,ENG,2,1464.27624512,2024-05-10,2024-08-10
None,Stoke,ENG,2,1461.18151855,2024-05-10,2024-08-10
None,Mirandes,ESP,2,1460.97253418,2024-06-03,2024-08-16
None,Hajduk,CRO,1,1460.4029541,2024-05-26,2024-07-25
None,Suedtirol,ITA,2,1460.36193848,2024-05-30,2024-08-17
None,StGallen,SUI,1,1459.50476074,2024-05-26,2024-07-20
None,Rio Ave,POR,1,1458.77514648,2024-05-18,2024-07-25
None,Ferrol,ESP,2,1457.390625,2024-06-03,2024-08-17
None,Alanyaspor,TUR,1,1455.08398438,2024-05-25,2024-07-23
None,Sheriff Tiraspol,MOL,0,1453.16015625,2024-01-01,2024-07-10
None,Cosenza,ITA,2,1452.22229004,2024-05-30,2024-08-18
None,Pogon,POL,1,1452.16357422,2024-05-26,2024-07-11
None,Caen,FRA,2,1451.84423828,2024-05-18,2024-08-06
None,Lech,POL,1,1451.54589844,2024-05-26,2024-07-11
None,Jagiellonia,POL,1,1451.28222656,2024-05-26,2024-07-11
None,Pisa,ITA,2,1450.78869629,2024-05-30,2024-08-17
None,Silkeborg,DEN,1,1450.4354248,2024-05-27,2024-07-21
None,Brescia,ITA,2,1450.17407227,2024-05-30,2024-08-16
None,Rodez,FRA,2,1450.04309082,2024-05-25,2024-08-06
None,QPR,ENG,2,1449.0760498,2024-05-10,2024-08-10
None,Viborg,DEN,1,1449.0411377,2024-05-26,2024-07-21
None,Beer-Sheva,ISR,1,1448.65771484,2024-05-26,2024-07-23
None,Sheffield Weds,ENG,2,1448.48132324,2024-05-10,2024-08-11
None,Blackburn,ENG,2,1448.36901855,2024-05-10,2024-08-09
None,Bari,ITA,2,1448.11755371,2024-05-30,2024-08-17
None,Rijeka,CRO,1,1446.96203613,2024-05-27,2024-07-25
None,Sivasspor,TUR,1,1445.94311523,2024-05-26,2024-07-23
None,Austria Wien,AUT,1,1445.67382812,2024-05-29,2024-07-25
None,Randers,DEN,1,1445.26293945,2024-06-01,2024-07-21
None,Preston,ENG,2,1444.33605957,2024-05-10,2024-08-09
None,Amorebieta,ESP,2,1443.33618164,2024-06-03,2024-07-05
None,Bordeaux,FRA,2,1442.8605957,2024-05-18,2024-07-05
None,Andorra CF,ESP,2,1441.33825684,2024-06-03,2024-07-05
None,Ascoli,ITA,2,1440.9296875,2024-05-30,2024-07-05
None,Slask,POL,1,1440.79284668,2024-05-26,2024-07-11
None,Standard,BEL,1,1440.56054688,2024-05-26,2024-07-25
None,Aris Limassol,CYP,0,1438.81201172,2024-01-01,2024-07-05
None,APOEL,CYP,0,1438.05908203,2024-01-01,2024-07-11
None,Omonia,CYP,0,1437.73376465,2024-01-01,2024-07-11
None,CFR Cluj,ROM,1,1437.39428711,2024-05-19,2024-07-09
None,Kasimpasa,TUR,1,1437.0970459,2024-05-27,2024-07-23
None,Eldense,ESP,2,1437.06396484,2024-06-03,2024-08-19
None,Gil Vicente,POR,1,1436.2401123,2024-05-19,2024-07-25
None,Sunderland,ENG,2,1434.69873047,2024-05-10,2024-08-10
None,Modena,ITA,2,1434.65075684,2024-05-30,2024-08-17
None,Lautern,GER,2,1434.19714355,2024-06-02,2024-08-04
None,Steaua,ROM,1,1433.63061523,2024-05-20,2024-07-09
None,Basel,SUI,1,1433.5435791,2024-05-22,2024-07-21
None,Terek Grozny,RUS,1,1433.41430664,2024-05-26,2024-07-21
None,Viking,NOR,1,1433.28039551,2024-06-03,2024-06-30
None,Westerlo,BEL,1,1431.91186523,2024-05-26,2024-07-25
None,Casa Pia,POR,1,1429.75512695,2024-05-18,2024-07-25
None,Konyaspor,TUR,1,1429.57470703,2024-05-27,2024-07-23
None,Kryliya Sovetov,RUS,1,1428.88513184,2024-05-26,2024-07-20
None,Orenburg,RUS,1,1428.72033691,2024-05-26,2024-07-21
None,Rubin Kazan,RUS,1,1428.33166504,2024-05-26,2024-07-22
None,Alcorcon,ESP,2,1426.58813477,2024-06-03,2024-07-05
None,Banik Ostrava,CZE,1,1426.37695312,2024-05-27,2024-07-20
None,Hearts,SCO,1,1425.30541992,2024-05-19,2024-07-25
None,Guingamp,FRA,2,1422.97766113,2024-05-18,2024-08-06
None,Bastia,FRA,2,1420.98156738,2024-05-18,2024-08-06
None,Cittadella,ITA,2,1420.96765137,2024-05-30,2024-08-17
None,Villarreal B,ESP,2,1420.74633789,2024-06-03,2024-07-05
None,Magdeburg,GER,2,1419.41174316,2024-06-02,2024-08-03
None,Fatih Karaguemruek,TUR,1,1417.94287109,2024-05-26,2024-07-05
None,Adana Demirspor,TUR,1,1417.78308105,2024-05-27,2024-07-23
None,Heerenveen,NED,1,1417.76184082,2024-05-20,2024-07-25
None,Reggiana,ITA,2,1416.83911133,2024-05-30,2024-08-18
None,Amiens,FRA,2,1416.72839355,2024-05-18,2024-08-06
None,Djurgarden,SWE,1,1416.40856934,2024-06-03,2024-07-08
None,Osijek,CRO,1,1415.69396973,2024-05-26,2024-07-25
None,Troyes,FRA,2,1413.05212402,2024-05-18,2024-08-06
None,Ternana,ITA,2,1413.0213623,2024-05-30,2024-07-05
None,Farense,POR,1,1411.90844727,2024-05-19,2024-07-25
None,Plymouth,ENG,2,1410.80383301,2024-05-10,2024-08-11
None,Slovacko,CZE,1,1408.46533203,2024-05-27,2024-07-21
None,Nuernberg,GER,2,1408.41052246,2024-06-02,2024-08-03
None,Piast Gliwice,POL,1,1407.77819824,2024-05-26,2024-07-11
None,Gornik,POL,1,1406.81494141,2024-05-26,2024-07-11
None,Birmingham,ENG,2,1406.68994141,2024-05-10,2024-07-05
None,Antalyaspor,TUR,1,1406.38476562,2024-05-25,2024-07-23
None,Odense,DEN,1,1406.15490723,2024-05-26,2024-07-05
None,Cardiff,ENG,2,1405.44506836,2024-05-10,2024-08-10
None,Craiova,ROM,1,1404.02001953,2024-05-27,2024-07-09
None,Hammarby,SWE,1,1403.94299316,2024-06-03,2024-07-07
None,Hradec Kralove,CZE,1,1403.56933594,2024-06-01,2024-07-21
None,Annecy,FRA,2,1403.2052002,2024-05-18,2024-08-06
None,Elfsborg,SWE,1,1403.16674805,2024-06-02,2024-07-06
None,Braunschweig,GER,2,1403.13928223,2024-06-02,2024-08-03
None,Hartberg,AUT,1,1403.10168457,2024-05-29,2024-07-25
None,Tromso,NOR,1,1402.75195312,2024-06-03,2024-06-28
None,Mlada Boleslav,CZE,1,1400.90368652,2024-06-01,2024-07-20
None,Pau,FRA,2,1400.68859863,2024-05-18,2024-08-06
None,Estoril,POR,1,1400.17907715,2024-05-19,2024-07-25
None,Vejle,DEN,1,1400.00012207,2024-05-26,2024-07-21
None,Sochi,RUS,1,1399.95483398,2024-05-26,2024-07-05
None,Fakel Voronezh,RUS,1,1398.16687012,2024-05-26,2024-07-20
None,Boavista,POR,1,1398.12109375,2024-05-19,2024-07-25
None,Wolfsberg,AUT,1,1397.84204102,2024-05-22,2024-07-25
None,Luzern,SUI,1,1396.82470703,2024-05-22,2024-07-21
None,Elversberg,GER,2,1396.53063965,2024-06-02,2024-08-03
None,Zwolle,NED,1,1395.24719238,2024-05-20,2024-07-25
None,Huddersfield,ENG,2,1395.12207031,2024-05-10,2024-07-05
None,Sittard,NED,1,1394.77819824,2024-05-20,2024-07-25
None,Sverdlovsk,RUS,1,1391.30004883,2024-05-26,2024-07-05
None,Cherno More,BUL,1,1389.53686523,2024-05-27,2024-07-10
None,Waalwijk,NED,1,1388.47570801,2024-05-20,2024-07-25
None,Hapoel Haifa,ISR,1,1387.26062012,2024-05-26,2024-07-23
None,Dnipro,UKR,1,1386.74267578,2024-05-26,2024-07-05
None,Klagenfurt,AUT,1,1386.57824707,2024-05-20,2024-07-25
None,Estrela Amadora,POR,1,1386.44616699,2024-05-19,2024-07-25
None,US Quevilly,FRA,2,1385.9786377,2024-05-18,2024-07-05
None,Lyngby,DEN,1,1384.24462891,2024-05-26,2024-07-22
None,CSKA Sofia,BUL,1,1383.94592285,2024-06-01,2024-07-10
None,Rosenborg,NOR,1,1382.65368652,2024-06-03,2024-06-30
None,Grenoble,FRA,2,1381.84887695,2024-05-18,2024-08-06
None,Haecken,SWE,1,1381.66296387,2024-06-03,2024-07-08
None,Ankaraguecue,TUR,1,1379.17932129,2024-05-27,2024-07-05
None,Ajaccio,FRA,2,1379.14282227,2024-05-18,2024-08-06
None,Almere,NED,1,1377.86914062,2024-05-20,2024-07-25
None,Maribor,SVN,1,1377.7253418,2024-05-20,2024-07-10
None,Levski,BUL,1,1377.63171387,2024-05-27,2024-07-10
None,Laval,FRA,2,1377.38232422,2024-05-18,2024-08-06
None,Slovan Liberec,CZE,1,1376.61071777,2024-05-13,2024-07-21
None,Portimonense,POR,1,1374.73120117,2024-05-19,2024-07-05
None,Stromsgodset,NOR,1,1374.49255371,2024-06-03,2024-06-28
None,Cracovia,POL,1,1374.46386719,2024-05-26,2024-07-11
None,Kayseri,TUR,1,1373.24682617,2024-05-26,2024-07-23
None,Baltika,RUS,1,1373.01513672,2024-05-26,2024-07-05
None,Celje,SVN,1,1372.31152344,2024-05-19,2024-07-10
None,Gaziantep FK,TUR,1,1372.10107422,2024-05-27,2024-07-23
None,Feralpisalo,ITA,2,1372.08325195,2024-05-30,2024-07-05
None,Lubin,POL,1,1372.07946777,2024-05-26,2024-07-11
None,Winterthur,SUI,1,1372.06054688,2024-05-26,2024-07-20
None,Lausanne,SUI,1,1371.28088379,2024-05-22,2024-07-21
None,Puskas Akademia,HUN,1,1370.26037598,2024-05-19,2024-07-11
None,Vizela,POR,1,1368.49206543,2024-05-19,2024-07-05
None,Partizan,SRB,1,1367.62756348,2024-05-26,2024-07-19
None,Rizespor,TUR,1,1367.07421875,2024-05-27,2024-07-23
None,Slovan Bratislava,SLK,0,1366.45996094,2024-02-23,2024-07-10
None,Lok Zagreb,CRO,1,1366.16369629,2024-05-26,2024-07-25
None,Trnava,SLK,0,1365.51391602,2024-02-23,2024-07-10
None,Kortrijk,BEL,1,1364.04602051,2024-05-12,2024-07-25
None,Vitesse,NED,1,1363.62341309,2024-05-20,2024-07-05
None,Samsunspor,TUR,1,1361.96386719,2024-05-26,2024-07-23
None,Lillestrom,NOR,1,1360.57019043,2024-06-03,2024-06-27
None,Grasshoppers,SUI,1,1360.49060059,2024-05-22,2024-07-20
None,Wehen,GER,2,1360.30773926,2024-06-02,2024-07-05
None,Jablonec,CZE,1,1359.31542969,2024-05-26,2024-07-20
None,Rostock,GER,2,1359.14282227,2024-06-02,2024-07-05
None,Sigma Olomouc,CZE,1,1358.41381836,2024-05-13,2024-07-20
None,Zilina,SLK,0,1358.07556152,2024-02-23,2024-07-05
None,Chaves,POR,1,1356.13684082,2024-05-19,2024-07-05
None,Heracles,NED,1,1354.70581055,2024-05-20,2024-07-25
None,Dunkerque,FRA,2,1354.37121582,2024-05-18,2024-08-06
None,Zorya,UKR,1,1353.49353027,2024-05-26,2024-07-23
None,Neftchi,AZE,0,1353.19946289,2024-03-15,2024-07-05
None,Sepsi,ROM,1,1352.57861328,2024-05-19,2024-07-09
None,Kilmarnock,SCO,1,1352.35046387,2024-05-19,2024-07-25
None,Sabah,AZE,0,1351.09143066,2024-03-15,2024-07-11
None,Excelsior,NED,1,1349.70288086,2024-05-20,2024-07-05
None,Viitorul,ROM,1,1349.66235352,2024-05-19,2024-07-09
None,Yverdon Sport,SUI,1,1349.10314941,2024-05-22,2024-07-20
None,Fredrikstad,NOR,1,1347.7980957,2024-06-03,2024-07-08
None,Bohemians Praha,CZE,1,1347.77038574,2024-05-26,2024-07-20
None,Pardubice,CZE,1,1346.46203613,2024-05-26,2024-07-19
None,Rapid Bucuresti,ROM,1,1346.26843262,2024-05-20,2024-07-09
None,Osnabrueck,GER,2,1346.11523438,2024-06-02,2024-07-05
None,Nizhny Novgorod,RUS,1,1344.84020996,2024-05-26,2024-07-22
None,Aberdeen,SCO,1,1344.78796387,2024-05-20,2024-07-25
None,Teplice,CZE,1,1344.60510254,2024-05-26,2024-07-21
None,Bnei Sakhinin,ISR,1,1343.50561523,2024-05-26,2024-07-23
None,Stal Mielec,POL,1,1342.47338867,2024-05-26,2024-07-11
None,Korona,POL,1,1342.38049316,2024-05-26,2024-07-11
None,Mjaellby,SWE,1,1341.24230957,2024-06-03,2024-07-06
None,Backa Topola,SRB,1,1340.92150879,2024-05-24,2024-07-21
None,Widzew,POL,1,1340.14697266,2024-05-26,2024-07-11
None,Rukh Lviv,UKR,1,1340.05224609,2024-05-26,2024-07-23
None,Molenbeek,BEL,1,1338.08215332,2024-05-12,2024-07-05
None,Odd Grenland,NOR,1,1336.53015137,2024-06-03,2024-06-28
None,FK Astana,KAZ,0,1336.01538086,2024-01-01,2024-07-10
None,AIK,SWE,1,1335.05334473,2024-06-03,2024-07-07
None,Hatayspor,TUR,1,1334.49865723,2024-05-27,2024-07-23
None,Warta,POL,1,1334.43261719,2024-05-26,2024-07-05
None,Puszcza Niepolomice,POL,1,1333.20202637,2024-05-26,2024-07-11
None,Eupen,BEL,1,1331.28259277,2024-05-12,2024-07-05
None,Vaduz,LIE,0,1331.23083496,2024-03-15,2024-07-23
None,Kryvbas,UKR,1,1330.85253906,2024-05-26,2024-07-23
None,Dunajska,SLK,0,1327.46850586,2024-02-23,2024-07-10
None,Polissya Zhytomyr,UKR,1,1327.17382812,2024-05-26,2024-07-23
None,Paksi,HUN,1,1326.73046875,2024-05-19,2024-07-11
None,Videoton,HUN,1,1325.14123535,2024-05-19,2024-07-11
None,Hibernian,SCO,1,1324.48461914,2024-05-20,2024-07-25
None,Haugesund,NOR,1,1323.93383789,2024-06-03,2024-07-07
None,Hapoel Jerusalem,ISR,1,1323.86108398,2024-05-19,2024-07-23
None,Pendikspor,TUR,1,1323.79040527,2024-05-27,2024-07-05
None,Sarpsborg,NOR,1,1323.62805176,2024-06-03,2024-06-28
None,Rotherham,ENG,2,1322.29956055,2024-05-10,2024-07-05
None,Altach,AUT,1,1319.66833496,2024-05-19,2024-07-25
None,IK Sirius,SWE,1,1317.74072266,2024-06-02,2024-07-06
None,Hvidovre,DEN,1,1316.58227539,2024-05-26,2024-07-05
None,Concarneau,FRA,2,1316.55969238,2024-05-18,2024-07-05
None,Ashdod,ISR,1,1314.51245117,2024-05-19,2024-07-23
None,Valenciennes,FRA,2,1314.41711426,2024-05-18,2024-07-05
None,Olimpija Ljubljana,SVN,1,1314.09484863,2024-05-20,2024-07-10
None,Netanya,ISR,1,1313.77600098,2024-05-20,2024-07-23
None,BW Linz,AUT,1,1313.46923828,2024-05-19,2024-07-25
None,Gabala,AZE,0,1311.31640625,2024-03-15,2024-07-05
None,Radomiak,POL,1,1311.18493652,2024-05-26,2024-07-11
None,OFI,GRE,1,1310.50280762,2024-05-30,2024-07-24
None,Ham-Kam,NOR,1,1309.47363281,2024-06-02,2024-06-27
None,St Mirren,SCO,1,1309.40698242,2024-05-19,2024-07-25
None,Lustenau,AUT,1,1308.21398926,2024-05-19,2024-07-05
None,Lecco,ITA,2,1307.25427246,2024-05-30,2024-07-05
None,Beitar,ISR,1,1304.0300293,2024-05-21,2024-07-23
None,Istra 1961,CRO,1,1303.92749023,2024-05-25,2024-07-25
None,Motherwell,SCO,1,1303.37487793,2024-05-20,2024-07-25
None,Kuopio,FIN,0,1301.59057617,2024-01-01,2024-07-09
None,Sandefjord,NOR,1,1300.46813965,2024-06-03,2024-06-27
None,Debrecen,HUN,1,1300.0612793,2024-05-19,2024-07-11
None,NFC Volos,GRE,1,1299.35888672,2024-05-30,2024-07-24
None,Goeteborg,SWE,1,1298.90588379,2024-06-02,2024-07-07
None,CSKA 1948 Sofia,BUL,1,1297.65649414,2024-06-01,2024-07-10
None,Varnamo,SWE,1,1296.43798828,2024-06-03,2024-07-07
None,Ruch,POL,1,1295.54528809,2024-05-26,2024-07-05
None,Kecskemeti,HUN,1,1293.97644043,2024-05-20,2024-07-11
None,Hermannstadt,ROM,1,1293.64758301,2024-05-13,2024-07-09
None,KFUM Oslo,NOR,1,1292.97277832,2024-06-03,2024-06-27
None,Olexandriya,UKR,1,1292.421875,2024-05-26,2024-07-23
None,Universitatea Cluj,ROM,1,1290.11340332,2024-05-27,2024-07-09
None,Atromitos,GRE,1,1289.99194336,2024-05-30,2024-07-24
None,HJK Helsinki,FIN,0,1289.35876465,2024-01-01,2024-07-09
None,Varazdin,CRO,1,1289.08837891,2024-05-26,2024-07-25
None,Maccabi Bnei Raina,ISR,1,1288.66577148,2024-05-26,2024-07-23
None,FK Riga,LAT,0,1285.85852051,2024-01-01,2024-07-10
None,Volendam,NED,1,1285.51074219,2024-05-20,2024-07-05
None,Panetolikos,GRE,1,1285.39282227,2024-05-30,2024-07-24
None,Ceske Budejovice,CZE,1,1285.24279785,2024-05-26,2024-07-20
None,Wattens,AUT,1,1284.0958252,2024-05-19,2024-07-25
None,Zrinjski Mostar,BHZ,0,1283.85095215,2024-01-01,2024-07-10
None,UTA Arad,ROM,1,1283.5090332,2024-05-13,2024-07-09
None,Kristiansund,NOR,1,1282.23132324,2024-06-03,2024-06-28
None,Asteras Tripolis,GRE,1,1279.1394043,2024-05-30,2024-07-24
None,Zalaegerszegi,HUN,1,1278.86889648,2024-05-20,2024-07-11
None,LNZ,UKR,1,1278.70556641,2024-05-25,2024-07-23
None,Novi Sad,SRB,1,1276.0324707,2024-05-26,2024-07-21
None,Lok Plovdiv,BUL,1,1275.76586914,2024-05-27,2024-07-10
None,Lausanne Ouchy,SUI,1,1275.68481445,2024-05-22,2024-07-05
None,Lamia,GRE,1,1274.89318848,2024-05-30,2024-07-24
None,Tescoma Zlin,CZE,1,1274.63708496,2024-05-26,2024-07-05
None,Panserraikos,GRE,1,1274.28137207,2024-05-30,2024-07-24
None,HNK Gorica,CRO,1,1273.22070312,2024-05-25,2024-07-25
None,M Petach Tikva,ISR,1,1272.57861328,2024-05-21,2024-07-23
None,Karvina,CZE,1,1272.03894043,2024-05-26,2024-07-21
None,Vorskla,UKR,1,1270.36657715,2024-05-25,2024-07-23
None,Kalmar,SWE,1,1269.70007324,2024-06-03,2024-07-07
None,Cukaricki,SRB,1,1268.39904785,2024-05-26,2024-07-20
None,H Tel Aviv,ISR,1,1266.44140625,2024-05-19,2024-07-05
None,Dundee,SCO,1,1263.12023926,2024-05-19,2024-07-25
None,Istanbulspor,TUR,1,1262.00622559,2024-05-27,2024-07-05
None,Hapoel Eran Hadera,ISR,1,1260.79956055,2024-05-19,2024-07-23
None,Norrkoeping,SWE,1,1259.3828125,2024-06-02,2024-07-08
None,Halmstad,SWE,1,1257.34594727,2024-06-02,2024-07-07
None,Pyunik,ARM,0,1255.30773926,2024-01-01,2024-07-10
None,Diosgyori,HUN,1,1254.67675781,2024-05-19,2024-07-11
None,Tobol,KAZ,0,1249.30053711,2024-01-01,2024-07-10
None,Kolos,UKR,1,1247.15319824,2024-05-26,2024-07-23
None,Arda,BUL,1,1246.28405762,2024-05-28,2024-07-10
None,Aktobe,KAZ,0,1245.42370605,2024-01-01,2024-07-10
None,Zeljeznicar,BHZ,0,1244.70947266,2024-01-01,2024-07-05
None,Slaven Belupo,CRO,1,1243.96801758,2024-05-27,2024-07-25
None,Otelul Galati,ROM,1,1241.12854004,2024-05-20,2024-07-09
None,Obolon Kyiv,UKR,1,1240.15637207,2024-05-26,2024-07-23
None,Ordabasy,KAZ,0,1239.89648438,2024-01-01,2024-07-10
None,Brommapojkarna,SWE,1,1239.67980957,2024-06-02,2024-07-06
None,Dinamo Minsk,BLR,0,1239.5748291,2024-01-01,2024-07-10
None,FK Sarajevo,BHZ,0,1239.32873535,2024-01-01,2024-07-10
None,Giannina,GRE,1,1237.38122559,2024-05-30,2024-07-05
None,Kisvarda,HUN,1,1234.77880859,2024-05-19,2024-07-05
None,Chernomorets,UKR,1,1234.26660156,2024-05-26,2024-07-23
None,Voluntari,ROM,1,1231.01318359,2024-05-13,2024-07-05
None,LKS,POL,1,1229.67346191,2024-05-26,2024-07-05
None,St Johnstone,SCO,1,1229.56921387,2024-05-20,2024-07-25
None,MTK,HUN,1,1229.04919434,2024-05-18,2024-07-11
None,RFS,LAT,0,1228.13769531,2024-01-01,2024-07-10
None,Veres,UKR,1,1227.67858887,2024-05-26,2024-07-23
None,Shkendija,MAC,0,1226.29931641,2024-01-01,2024-07-10
None,Vaasa,FIN,0,1224.85314941,2024-01-01,2024-07-09
None,Ilves Tampere,FIN,0,1224.85314941,2024-01-01,2024-07-09
None,Akureyri,ISL,0,1223.57092285,2024-01-01,2024-07-05
None,Levski Krumovgrad,BUL,1,1223.41662598,2024-05-27,2024-07-10
None,Koper,SVN,1,1220.68884277,2024-05-20,2024-07-10
None,Botosani,ROM,1,1219.31152344,2024-05-13,2024-07-09
None,Petrocub,MOL,0,1218.77075195,2024-01-01,2024-07-10
None,Petrolul Ploiesti,ROM,1,1218.1282959,2024-05-13,2024-07-09
None,Bravo,SVN,1,1216.42407227,2024-05-20,2024-07-10
None,Ross County,SCO,1,1216.38684082,2024-05-20,2024-07-25
None,Vikingur,ISL,0,1214.80200195,2024-01-01,2024-07-09
None,Ujpest,HUN,1,1214.08276367,2024-05-20,2024-07-11
None,Iasi,ROM,1,1213.36669922,2024-05-13,2024-07-09
None,Kragujevac,SRB,1,1212.13708496,2024-05-26,2024-07-19
None,Botev Plovdiv,BUL,1,1211.30383301,2024-05-28,2024-07-10
None,Zimbru,MOL,0,1210.75097656,2024-01-01,2024-07-10
None,Kifisias,GRE,1,1210.35412598,2024-05-30,2024-07-05
None,Zalgiris Vilnius,LIT,0,1210.27575684,2024-01-01,2024-07-09
None,Slavia Sofia,BUL,1,1207.19702148,2024-05-28,2024-07-10
None,Mynai,UKR,1,1206.9831543,2024-05-26,2024-07-05
None,Craiova 1948,ROM,1,1205.22106934,2024-05-13,2024-07-05
None,H Petach Tikva,ISR,1,1205.00671387,2024-05-20,2024-07-05
None,GAIS,SWE,1,1203.65698242,2024-06-02,2024-07-07
None,Drita,KOS,0,1202.73400879,2024-01-01,2024-07-09
None,Breidablik,ISL,0,1202.4699707,2024-01-01,2024-07-09
None,Domzale,SVN,1,1201.5078125,2024-05-19,2024-07-10
None,Alashkert,ARM,0,1200.12182617,2024-01-01,2024-07-05
None,Ballkani,KOS,0,1199.81555176,2024-01-01,2024-07-09
None,Mura,SVN,1,1199.04638672,2024-05-19,2024-07-10
None,Milsami Orhei,MOL,0,1197.88415527,2024-01-01,2024-07-10
None,Partizani Tirana,ALB,0,1197.4609375,2024-01-01,2024-07-10
None,Dinamo Bucuresti,ROM,1,1197.30029297,2024-05-13,2024-07-09
None,Derry City,IRL,0,1194.78149414,2024-01-01,2024-07-09
None,Dila Gori,GEO,0,1194.50598145,2024-01-01,2024-07-05
None,Auda,LAT,0,1192.19238281,2024-01-01,2024-07-10
None,Borac Banja Luka,BHZ,0,1190.14746094,2024-01-01,2024-07-10
None,Metalist 1925,UKR,1,1189.81762695,2024-05-26,2024-07-05
None,Livingston,SCO,1,1184.39672852,2024-05-20,2024-07-05
None,Batumi,GEO,0,1178.2746582,2024-01-01,2024-07-10
None,Dundalk,IRL,0,1176.00512695,2024-01-01,2024-07-05
None,Egnatia,ALB,0,1174.42944336,2024-01-01,2024-07-10
None,Shamrock,IRL,0,1173.89001465,2024-01-01,2024-07-09
None,Radomlje,SVN,1,1173.47070312,2024-05-19,2024-07-10
None,Klaksvik,FAR,0,1171.73950195,2024-01-01,2024-07-10
None,Torpedo Kutaisi,GEO,0,1171.62963867,2024-01-01,2024-07-10
None,Vllaznia,ALB,0,1169.25964355,2024-01-01,2024-07-10
None,St Patricks,IRL,0,1167.4251709,2024-01-01,2024-07-09
None,Mezokovesd-Zsory,HUN,1,1162.1628418,2024-05-18,2024-07-05
None,Ararat,ARM,0,1160.66955566,2024-01-01,2024-07-10
None,Vaesteras,SWE,1,1157.33898926,2024-06-03,2024-07-08
None,Tirana,ALB,0,1155.55859375,2024-01-01,2024-07-10
None,Valmieras,LAT,0,1153.99584961,2024-01-01,2024-07-05
None,Banants,ARM,0,1152.08911133,2024-01-01,2024-07-10
None,Hamrun,MLT,0,1145.34057617,2024-01-01,2024-07-09
None,Isloch,BLR,0,1141.70837402,2024-01-01,2024-07-10
None,Neman Grodno,BLR,0,1139.85681152,2024-01-01,2024-07-10
None,Panevezys,LIT,0,1138.43078613,2024-01-01,2024-07-09
None,Novi Pazar,SRB,1,1135.66479492,2024-05-25,2024-07-21
None,Lok Sofia,BUL,1,1134.71850586,2024-05-26,2024-07-10
None,Beroe Stara Zagora,BUL,1,1134.59204102,2024-05-26,2024-07-10
None,Dinamo Tbilisi,GEO,0,1134.5390625,2024-01-01,2024-07-10
None,Mladost Lucani,SRB,1,1133.94006348,2024-05-26,2024-07-20
None,Flora Tallinn,EST,0,1131.42407227,2024-01-01,2024-07-10
None,Rogaska,SVN,1,1130.90649414,2024-05-19,2024-07-05
None,Zlatibor,SRB,1,1123.125,2024-05-25,2024-07-21
None,Struga,MAC,0,1122.38134766,2024-01-01,2024-07-10
None,Linfield,NIR,0,1119.01037598,2024-01-01,2024-07-10
None,Hegelmann,LIT,0,1112.26757812,2024-01-01,2024-07-05
None,Blagoevgrad,BUL,1,1108.71862793,2024-05-26,2024-07-05
None,Makedonija,MAC,0,1105.08398438,2024-01-01,2024-07-05
None,Torpedo Zhodino,BLR,0,1104.54260254,2024-01-01,2024-07-10
None,Botev Vratsa,BUL,1,1104.38903809,2024-05-26,2024-07-10
None,Shkupi,MAC,0,1102.18518066,2024-01-01,2024-07-05
None,Hebar,BUL,1,1100.84326172,2024-05-26,2024-07-10
None,Kauno Zalgiris,LIT,0,1099.0090332,2024-01-01,2024-07-05
None,Aluminij,SVN,1,1098.8614502,2024-05-19,2024-07-05
None,Dukagjini,KOS,0,1095.3984375,2024-01-01,2024-07-05
None,Niedercorn,LUX,0,1092.47595215,2024-01-01,2024-07-10
None,Nis,SRB,1,1092.41503906,2024-05-25,2024-07-20
None,Gzira United,MLT,0,1091.49047852,2024-01-01,2024-07-05
None,Vozdovac Beograd,SRB,1,1090.51062012,2024-05-25,2024-07-05
None,Rudes Zagreb,CRO,1,1089.49169922,2024-05-27,2024-07-05
None,Balzan,MLT,0,1086.40185547,2024-01-01,2024-07-05
None,Crusaders,NIR,0,1086.08044434,2024-01-01,2024-07-10
None,Dudelange,LUX,0,1085.82019043,2024-01-01,2024-07-10
None,Krusevac,SRB,1,1082.99963379,2024-05-24,2024-07-19
None,IMT,SRB,1,1081.76428223,2024-05-25,2024-07-21
None,Swift Hesperange,LUX,0,1079.76623535,2024-01-01,2024-07-05
None,The New Saints,WAL,0,1079.25256348,2024-01-01,2024-07-09
None,Birkirkara,MLT,0,1078.01794434,2024-01-01,2024-07-05
None,Zeleznicar Pancevo,SRB,1,1076.27514648,2024-05-25,2024-07-19
None,B 36 Torshavn,FAR,0,1076.09387207,2024-01-01,2024-07-10
None,Differdang,LUX,0,1073.77246094,2024-01-01,2024-07-10
None,KF Gjilani,KOS,0,1073.41540527,2024-01-01,2024-07-05
None,Glentoran,NIR,0,1066.91369629,2024-01-01,2024-07-05
None,Ivanjica,SRB,1,1061.28674316,2024-05-25,2024-07-05
None,Larne,NIR,0,1055.97705078,2024-01-01,2024-07-10
None,HB Torshavn,FAR,0,1050.78149414,2024-01-01,2024-07-10
None,Gota,FAR,0,1036.10583496,2024-01-01,2024-07-10
None,Etar,BUL,1,1034.66320801,2024-05-26,2024-07-05
None,Trans Narva,EST,0,1017.82794189,2024-01-01,2024-07-05
None,Paide Linnameeskond,EST,0,1013.82318115,2024-01-01,2024-07-10
None,Arsenal Tivat,MNT,0,1012.71374512,2024-01-01,2024-07-05
None,FC Infonet,EST,0,1001.38671875,2024-01-01,2024-07-10
None,Radnik Surdulica,SRB,1,997.695678711,2024-05-25,2024-07-05
None,Haverfordwest,WAL,0,989.730102539,2024-01-01,2024-07-05
None,Connahs Quay,WAL,0,982.006530762,2024-01-01,2024-07-09
None,Podgorica,MNT,0,977.909179688,2024-01-01,2024-07-09
None,Sutjeska,MNT,0,963.651672363,2024-01-01,2024-07-05
None,Penybont,WAL,0,962.094421387,2024-01-01,2024-07-05
None,Lincoln,GIB,0,950.542419434,2024-01-01,2024-07-09
None,College Europa,GIB,0,907.217163086,2024-01-01,2024-07-05
None,Santa Coloma,AND,0,898.331298828,2024-01-01,2024-07-05
None,Escaldes,AND,0,880.996765137,2024-01-01,2024-07-09
None,FCB Magpies,GIB,0,859.597900391,2024-01-01,2024-07-09
None,Atletic Club Escaldes,AND,0,844.898071289,2024-01-01,2024-07-09
None,Cosmos,SMR,0,696.616455078,2024-01-01,2024-07-05
None,Tre Penne,SMR,0,685.460083008,2024-01-01,2024-07-09
None,La Fiorita,SMR,0,666.000732422,2024-01-01,2024-07-09


