key,match_id,season,block,cutoff,date,home_key,away_key,e_home,e_away,e_min,thin_at,treated,incumbent_widened,p_home_B,p_draw_B,p_away_B,p_home_A,p_draw_A,p_away_A,p_home_corpus,p_draw_corpus,p_away_corpus,y,rps_B,rps_A,delta,delta_vs_corpus,max_abs_dp_vs_corpus
2019-08-09|20260611|9f2e086d39ae4b855ba21604367109e8e9ce00f96010c5ec65c380d317986abc,04780a2ee0367326,2019/20,2019/20|2019W32,2019-08-09,2019-08-09,liverpool,norwich,48.88818699,3.15289295,3.15289295,5;8;10;12,True,False,0.8697425,0.09590489,0.0343526,0.80257563,0.13942353,0.05800084,0.8697425,0.09590489,0.0343526,0,0.009073559060031053,0.021170239655301258,0.012096680595270205,0.012096680595270205,0.0
2019-08-09|20260611|9f2e086d39ae4b855ba21604367109e8e9ce00f96010c5ec65c380d317986abc,6b6a0b74122aa44b,2019/20,2019/20|2019W32,2019-08-09,2019-08-10,tottenham,aston_villa,48.98136057,4.7425755,4.7425755,5;8;10;12,True,False,0.81609782,0.12894111,0.05496107,0.74773669,0.16956927,0.08269404,0.81609782,0.12894111,0.05496107,0,0.018420365512148658,0.03523754091183885,0.016817175399690194,0.016817175399690194,0.0
2019-08-09|20260611|9f2e086d39ae4b855ba21604367109e8e9ce00f96010c5ec65c380d317986abc,e0b606008c7630ea,2019/20,2019/20|2019W32,2019-08-09,2019-08-10,bournemouth,sheffield_united,47.24670394,0.0,0.0,1;3;5;8;10;12,False,True,0.55110824,0.2207201,0.22817166,0.55110824,0.2207201,0.22817166,0.55110824,0.2207201,0.22817166,1,0.1778912993115266,0.1778912993115266,0.0,0.0,0.0
2019-08-17|20260611|9f2e086d39ae4b855ba21604367109e8e9ce00f96010c5ec65c380d317986abc,63503e79e01c14fd,2019/20,2019/20|2019W33,2019-08-17,2019-08-18,sheffield_united,crystal_palace,0.98679473,49.15027238,0.98679473,1;3;5;8;10;12,False,True,0.30134829,0.28043606,0.41821565,0.30134829,0.28043606,0.41821565,0.30134829,0.28043606,0.41821565,0,0.33150927089542337,0.33150927089542337,0.0,0.0,0.0
2019-08-17|20260611|9f2e086d39ae4b855ba21604367109e8e9ce00f96010c5ec65c380d317986abc,70e542c856b39a46,2019/20,2019/20|2019W33,2019-08-17,2019-08-17,aston_villa,bournemouth,5.6578643,47.52113901,5.6578643,8;10;12,True,False,0.318093,0.24972861,0.43217839,0.32588743,0.25415063,0.41996194,0.318093,0.24972861,0.43217839,2,0.21180226871599606,0.2213233840402842,0.009521115324288149,0.009521115324288149,0.0
2019-08-17|20260611|9f2e086d39ae4b855ba21604367109e8e9ce00f96010c5ec65c380d317986abc,cac175e711fe35a8,2019/20,2019/20|2019W33,2019-08-17,2019-08-17,norwich,newcastle,4.09027793,42.86283666,4.09027793,5;8;10;12,True,False,0.29620911,0.28635231,0.41743858,0.30198441,0.29452554,0.40349005,0.29620911,0.28635231,0.41743858,0,0.3347882924597043,0.3250149921660253,-0.00977330029367901,-0.00977330029367901,0.0
2019-08-19|20260611|9f2e086d39ae4b855ba21604367109e8e9ce00f96010c5ec65c380d317986abc,be8190f5f15e10ea,2019/20,2019/20|2019W34,2019-08-19,2019-08-23,aston_villa,everton,6.63262525,49.9135709,6.63262525,8;10;12,True,False,0.1972894,0.25294202,0.54976859,0.21792099,0.26861198,0.51346703,0.1972894,0.25294202,0.54976859,0,0.4732948994537882,0.43764798438980057,-0.03564691506398765,-0.03564691506398765,0.0
2019-08-19|20260611|9f2e086d39ae4b855ba21604367109e8e9ce00f96010c5ec65c380d317986abc,f1fb5889bf3992bb,2019/20,2019/20|2019W34,2019-08-19,2019-08-24,norwich,chelsea,5.07098138,50.07511808,5.07098138,8;10;12,True,False,0.19969202,0.2253486,0.57495939,0.22413662,0.23753901,0.53832437,0.19969202,0.2253486,0.57495939,2,0.1102682157508324,0.13169080588046067,0.02142259012962827,0.02142259012962827,0.0
2019-08-19|20260611|9f2e086d39ae4b855ba21604367109e8e9ce00f96010c5ec65c380d317986abc,ffab3e98aed3d008,2019/20,2019/20|2019W34,2019-08-19,2019-08-24,sheffield_united,leicester,1.9811567,49.97655097,1.9811567,3;5;8;10;12,False,True,0.32826698,0.29975167,0.37198135,0.32826698,0.29975167,0.37198135,0.32826698,0.29975167,0.37198135,2,0.25108331745307144,0.25108331745307144,0.0,0.0,0.0
2019-08-31|20260611|9f2e086d39ae4b855ba21604367109e8e9ce00f96010c5ec65c380d317986abc,612ecc3da18df734,2019/20,2019/20|2019W35,2019-08-31,2019-08-31,west_ham,norwich,49.82341041,5.94352332,5.94352332,8;10;12,True,False,0.56337188,0.21080798,0.22582014,0.5317072,0.21776556,0.25052724,0.56337188,0.21080798,0.22582014,0,0.12081942540217697,0.14103102225692876,0.020211596854751795,0.020211596854751795,0.0
2019-08-31|20260611|9f2e086d39ae4b855ba21604367109e8e9ce00f96010c5ec65c380d317986abc,cb7b4694dbb4e016,2019/20,2019/20|2019W35,2019-08-31,2019-08-31,chelsea,sheffield_united,49.93368505,2.92331457,2.92331457,3;5;8;10;12,False,True,0.636049,0.22652736,0.13742364,0.636049,0.22652736,0.13742364,0.636049,0.22652736,0.13742364,1,0.21172179361592477,0.21172179361592477,0.0,0.0,0.0
2019-08-31|20260611|9f2e086d39ae4b855ba21604367109e8e9ce00f96010c5ec65c380d317986abc,ed45ec6b103d84d1,2019/20,2019/20|2019W35,2019-08-31,2019-08-31,crystal_palace,aston_villa,49.82316759,7.46811007,7.46811007,8;10;12,True,False,0.60002584,0.23054029,0.16943387,0.55630197,0.24925329,0.19444475,0.60002584,0.23054029,0.16943387,0,0.09434358248544122,0.11733834936977425,0.022994766884333023,0.022994766884333023,0.0
2019-09-14|20260611|9f2e086d39ae4b855ba21604367109e8e9ce00f96010c5ec65c380d317986abc,8b245078fe928489,2019/20,2019/20|2019W37,2019-09-14,2019-09-14,norwich,man_city,6.76135195,49.5682749,6.76135195,8;10;12,True,False,0.0453395,0.10510579,0.84955472,0.07476867,0.14519565,0.78003568,0.0453395,0.10510579,0.84955472,0,0.8165599377717171,0.7322543380433157,-0.08430559972840135,-0.08430559972840135,0.0
2019-09-14|20260611|9f2e086d39ae4b855ba21604367109e8e9ce00f96010c5ec65c380d317986abc,c51276e565ffca8f,2019/20,2019/20|2019W37,2019-09-14,2019-09-14,sheffield_united,southampton,3.82038187,49.58216701,3.82038187,5;8;10;12,False,True,0.40279108,0.28564465,0.31156427,0.40279108,0.28564465,0.31156427,0.40279108,0.28564465,0.31156427,2,0.3180922042340997,0.3180922042340997,0.0,0.0,0.0
2019-09-16|20260611|9f2e086d39ae4b855ba21604367109e8e9ce00f96010c5ec65c380d317986abc,030a28a4af4da10b,2019/20,2019/20|2019W38,2019-09-16,2019-09-16,aston_villa,west_ham,8.21468017,49.30238954,8.21468017,10;12,True,False,0.28351408,0.2644096,0.45207632,0.29396995,0.27220312,0.43382693,0.28351408,0.2644096,0.45207632,1,0.1423766163314944,0.13731206834811366,-0.0050645479833807405,-0.0050645479833807405,0.0
2019-09-16|20260611|9f2e086d39ae4b855ba21604367109e8e9ce00f96010c5ec65c380d317986abc,090e2cb20eafc40c,2019/20,2019/20|2019W38,2019-09-16,2019-09-21,burnley,norwich,47.34620711,7.73192972,7.73192972,8;10;12,True,False,0.44996056,0.2492129,0.30082655,0.43476953,0.25363816,0.31159231,0.44996056,0.2492129,0.30082655,0,0.19651999636194256,0.20828762593377845,0.011767629571835886,0.011767629571835886,0.0
2019-09-16|20260611|9f2e086d39ae4b855ba21604367109e8e9ce00f96010c5ec65c380d317986abc,ddae48b0c459851b,2019/20,2019/20|2019W38,2019-09-16,2019-09-22,arsenal,aston_villa,50.43731621,8.21468017,8.21468017,10;12,True,False,0.76032706,0.15375308,0.08591986,0.69618284,0.1856906,0.11812656,0.76032706,0.15375308,0.08591986,0,0.03241267025533158,0.053129375443949606,0.020716705188618026,0.020716705188618026,0.0
2019-09-16|20260611|9f2e086d39ae4b855ba21604367109e8e9ce00f96010c5ec65c380d317986abc,f92b52631705f8c5,2019/20,2019/20|2019W38,2019-09-16,2019-09-21,everton,sheffield_united,50.25431287,4.80210846,4.80210846,5;8;10;12,True,False,0.56510923,0.25316728,0.18172349,0.52623239,0.27147461,0.202293,0.56510923,0.25316728,0.18172349,2,0.49446244432448655,0.456628493067056,-0.037833951257430554,-0.037833951257430554,0.0
2019-09-28|20260611|9f2e086d39ae4b855ba21604367109e8e9ce00f96010c5ec65c380d317986abc,1c85da413f36935d,2019/20,2019/20|2019W39,2019-09-28,2019-09-28,aston_villa,burnley,9.99573739,47.26625837,9.99573739,10;12,True,False,0.32155293,0.29858867,0.3798584,0.32272198,0.30602303,0.37125499,0.32155293,0.29858867,0.3798584,1,0.12384434542107248,0.12098987198751024,-0.002854473433562238,-0.002854473433562238,0.0
2019-09-28|20260611|9f2e086d39ae4b855ba21604367109e8e9ce00f96010c5ec65c380d317986abc,bf421fbbb02c8f5c,2019/20,2019/20|2019W39,2019-09-28,2019-09-28,sheffield_united,liverpool,5.68070829,50.13884308,5.68070829,8;10;12,True,False,0.12068176,0.21723097,0.66208727,0.14660837,0.24461732,0.60877431,0.12068176,0.21723097,0.66208727,2,0.06437455014637525,0.08727577733501649,0.022901227188641238,0.022901227188641238,0.0
2019-09-28|20260611|9f2e086d39ae4b855ba21604367109e8e9ce00f96010c5ec65c380d317986abc,fd980a0367c02e0c,2019/20,2019/20|2019W39,2019-09-28,2019-09-28,crystal_palace,norwich,50.15377596,8.54451862,8.54451862,10;12,True,False,0.55266622,0.23111877,0.21621501,0.51970899,0.24058819,0.23970282,0.55266622,0.23111877,0.21621501,0,0.12342822063919426,0.14406844810138625,0.02064022746219199,0.02064022746219199,0.0
2019-09-30|20260611|9f2e086d39ae4b855ba21604367109e8e9ce00f96010c5ec65c380d317986abc,566fa2cde4221ad9,2019/20,2019/20|2019W40,2019-09-30,2019-10-05,watford,sheffield_united,49.54496888,6.65538264,6.65538264,8;10;12,True,False,0.34811989,0.29750012,0.35437999,0.34536971,0.30436264,0.35026765,0.34811989,0.29750012,0.35437999,1,0.1233863175630061,0.12098383161100328,-0.0024024859520028197,-0.0024024859520028197,0.0
2019-09-30|20260611|9f2e086d39ae4b855ba21604367109e8e9ce00f96010c5ec65c380d317986abc,a0f66ca84ea4a474,2019/20,2019/20|2019W40,2019-09-30,2019-10-05,norwich,aston_villa,9.50833665,10.95405405,9.50833665,10;12,True,False,0.46887428,0.26121555,0.26991017,0.44890777,0.26931812,0.28177411,0.46887428,0.26121555,0.26991017,2,0.3764371251574737,0.3586833075163325,-0.0177538176411412,-0.0177538176411412,0.0
2019-10-21|20260611|9f2e086d39ae4b855ba21604367109e8e9ce00f96010c5ec65c380d317986abc,aa8eab3867e961d3,2019/20,2019/20|2019W43,2019-10-21,2019-10-21,sheffield_united,arsenal,7.36526308,50.07316144,7.36526308,8;10;12,True,False,0.25841243,0.28158562,0.46000195,0.27060108,0.29011021,0.4392887,0.25841243,0.28158562,0.46000195,0,0.3807769589911537,0.36249867761531523,-0.01827828137583848,-0.01827828137583848,0.0
2019-10-21|20260611|9f2e086d39ae4b855ba21604367109e8e9ce00f96010c5ec65c380d317986abc,b96497199305e1a2,2019/20,2019/20|2019W43,2019-10-21,2019-10-26,west_ham,sheffield_united,50.93763382,7.36526308,7.36526308,8;10;12,True,False,0.43272724,0.2979352,0.26933756,0.41543794,0.30678032,0.27778174,0.43272724,0.2979352,0.26933756,1,0.1298977927323856,0.1248756885344356,-0.005022104197950003,-0.005022104197950003,0.0
2019-11-02|20260611|9f2e086d39ae4b855ba21604367109e8e9ce00f96010c5ec65c380d317986abc,04d00848ff44aace,2019/20,2019/20|2019W44,2019-11-02,2019-11-02,sheffield_united,burnley,9.16358253,48.07125055,9.16358253,10;12,True,False,0.45274287,0.31568428,0.23157285,0.42968988,0.32760142,0.2427087,0.45274287,0.31568428,0.23157285,0,0.17655817559647968,0.19208057301505221,0.015522397418572531,0.015522397418572531,0.0
2020-09-12|20260611|9f2e086d39ae4b855ba21604367109e8e9ce00f96010c5ec65c380d317986abc,c02f65d9e9d10ca3,2020/21,2020/21|2020W37,2020-09-12,2020-09-12,liverpool,leeds,47.67373039,0.0,0.0,1;3;5;8;10;12,False,True,0.81420478,0.13032164,0.05547357,0.81420478,0.13032164,0.05547357,0.81420478,0.13032164,0.05547357,0,0.018798590926432407,0.018798590926432407,0.0,0.0,0.0
2020-09-14|20260611|9f2e086d39ae4b855ba21604367109e8e9ce00f96010c5ec65c380d317986abc,844b9fe520559023,2020/21,2020/21|2020W38,2020-09-14,2020-09-19,leeds,fulham,0.99620914,12.71912156,0.99620914,1;3;5;8;10;12,False,True,0.54240688,0.22662846,0.23096466,0.54240688,0.22662846,0.23096466,0.54240688,0.22662846,0.23096466,0,0.13136806882012497,0.13136806882012497,0.0,0.0,0.0
2020-09-21|20260611|9f2e086d39ae4b855ba21604367109e8e9ce00f96010c5ec65c380d317986abc,ba73e95238660fee,2020/21,2020/21|2020W39,2020-09-21,2020-09-27,sheffield_united,leeds,25.46586954,1.97926306,1.97926306,3;5;8;10;12,False,True,0.51357022,0.2333153,0.25311448,0.51357022,0.2333153,0.25311448,0.51357022,0.2333153,0.25311448,2,0.4107961754282593,0.4107961754282593,0.0,0.0,0.0
2020-09-28|20260611|9f2e086d39ae4b855ba21604367109e8e9ce00f96010c5ec65c380d317986abc,24a1e8dc78b3c8a6,2020/21,2020/21|2020W40,2020-09-28,2020-10-03,leeds,man_city,2.95122913,48.38834184,2.95122913,3;5;8;10;12,False,True,0.13514231,0.14717656,0.71768112,0.13514231,0.14717656,0.71768112,0.13514231,0.14717656,0.71768112,1,0.2666648241551065,0.2666648241551065,0.0,0.0,0.0
2020-10-19|20260611|9f2e086d39ae4b855ba21604367109e8e9ce00f96010c5ec65c380d317986abc,2dd2e137c8006085,2020/21,2020/21|2020W43,2020-10-19,2020-10-19,leeds,wolves,3.80592335,37.87798679,3.80592335,5;8;10;12,False,True,0.35884383,0.26175765,0.37939852,0.35884383,0.26175765,0.37939852,0.35884383,0.26175765,0.37939852,2,0.2569575456536296,0.2569575456536296,0.0,0.0,0.0
2020-10-19|20260611|9f2e086d39ae4b855ba21604367109e8e9ce00f96010c5ec65c380d317986abc,d5390a443ba69a87,2020/21,2020/21|2020W43,2020-10-19,2020-10-23,aston_villa,leeds,29.16674636,3.80592335,3.80592335,5;8;10;12,False,True,0.40667183,0.23570059,0.35762758,0.40667183,0.23570059,0.35762758,0.40667183,0.23570059,0.35762758,2,0.28901215164610267,0.28901215164610267,0.0,0.0,0.0
2020-11-02|20260611|9f2e086d39ae4b855ba21604367109e8e9ce00f96010c5ec65c380d317986abc,7346c3891454acce,2020/21,2020/21|2020W45,2020-11-02,2020-11-02,leeds,leicester,5.66102323,48.89699654,5.66102323,8;10;12,False,True,0.37812146,0.24645741,0.37542112,0.37812146,0.24645741,0.37542112,0.37812146,0.24645741,0.37542112,2,0.26653730168150425,0.26653730168150425,0.0,0.0,0.0
2020-11-02|20260611|9f2e086d39ae4b855ba21604367109e8e9ce00f96010c5ec65c380d317986abc,dcb4282672433ef0,2020/21,2020/21|2020W45,2020-11-02,2020-11-07,crystal_palace,leeds,49.86674786,5.66102323,5.66102323,8;10;12,True,False,0.31948931,0.26227449,0.41823619,0.32488929,0.26867984,0.40643087,0.31948931,0.26227449,0.41823619,0,0.319008159097358,0.31048026142283053,-0.008527897674527496,-0.008527897674527496,0.0
2020-11-21|20260611|9f2e086d39ae4b855ba21604367109e8e9ce00f96010c5ec65c380d317986abc,c86d3b3845b82cfa,2020/21,2020/21|2020W47,2020-11-21,2020-11-22,leeds,arsenal,7.39873073,49.30770628,7.39873073,8;10;12,True,False,0.24693613,0.21234399,0.54071987,0.26993811,0.21787344,0.51218845,0.24693613,0.21234399,0.54071987,1,0.1766777204632956,0.1676017957718873,-0.009075924691408305,-0.009075924691408305,0.0
2020-11-23|20260611|9f2e086d39ae4b855ba21604367109e8e9ce00f96010c5ec65c380d317986abc,4aa76f75dc8f327e,2020/21,2020/21|2020W48,2020-11-23,2020-11-28,everton,leeds,49.8841274,8.36878592,8.36878592,10;12,True,False,0.54449612,0.22005005,0.23545383,0.5143521,0.22726513,0.25838277,0.54449612,0.22005005,0.23545383,2,0.4405034353783617,0.4072770993036414,-0.03322633607472025,-0.03322633607472025,0.0
2020-11-30|20260611|9f2e086d39ae4b855ba21604367109e8e9ce00f96010c5ec65c380d317986abc,eb61ac2e575f8e24,2020/21,2020/21|2020W49,2020-11-30,2020-12-05,chelsea,leeds,50.28949405,9.25448299,9.25448299,10;12,True,False,0.67027254,0.1823541,0.14737336,0.61940405,0.2001021,0.18049385,0.67027254,0.1823541,0.14737336,0,0.0652195525578706,0.0887156535221125,0.0234961009642419,0.0234961009642419,0.0
2021-08-13|20260611|9f2e086d39ae4b855ba21604367109e8e9ce00f96010c5ec65c380d317986abc,d9529c0e28dcaf71,2021/22,2021/22|2021W32,2021-08-13,2021-08-13,brentford,arsenal,0.0,51.40195423,0.0,1;3;5;8;10;12,False,True,0.17807974,0.23064822,0.59127204,0.17807974,0.23064822,0.59127204,0.17807974,0.23064822,0.59127204,0,0.5125777695421145,0.5125777695421145,0.0,0.0,0.0
2021-08-21|20260611|9f2e086d39ae4b855ba21604367109e8e9ce00f96010c5ec65c380d317986abc,f43de6e22a7b4a72,2021/22,2021/22|2021W33,2021-08-21,2021-08-21,crystal_palace,brentford,51.49242924,0.98492255,0.98492255,1;3;5;8;10;12,False,True,0.33565991,0.29243694,0.37190315,0.33565991,0.29243694,0.37190315,0.33565991,0.29243694,0.37190315,1,0.12548976408056534,0.12548976408056534,0.0,0.0,0.0
2021-08-23|20260611|9f2e086d39ae4b855ba21604367109e8e9ce00f96010c5ec65c380d317986abc,5af7aefe308e4c46,2021/22,2021/22|2021W34,2021-08-23,2021-08-28,aston_villa,brentford,42.08255921,1.97739798,1.97739798,3;5;8;10;12,False,True,0.39664389,0.30665203,0.29670408,0.39664389,0.30665203,0.29670408,0.39664389,0.30665203,0.29670408,1,0.12267984328148926,0.12267984328148926,0.0,0.0,0.0
2021-09-11|20260611|9f2e086d39ae4b855ba21604367109e8e9ce00f96010c5ec65c380d317986abc,16942447968205a5,2021/22,2021/22|2021W36,2021-09-11,2021-09-11,brentford,brighton,2.8810859,48.82569566,2.8810859,3;5;8;10;12,False,True,0.38236521,0.33882787,0.27880692,0.38236521,0.33882787,0.27880692,0.38236521,0.33882787,0.27880692,2,0.3331613062291152,0.3331613062291152,0.0,0.0,0.0
2021-09-13|20260611|9f2e086d39ae4b855ba21604367109e8e9ce00f96010c5ec65c380d317986abc,caa8a924f9190052,2021/22,2021/22|2021W37,2021-09-13,2021-09-18,wolves,brentford,46.66925772,3.86637324,3.86637324,5;8;10;12,False,True,0.38970715,0.34921351,0.26107934,0.38970715,0.34921351,0.26107934,0.38970715,0.34921351,0.26107934,2,0.34893770226797904,0.34893770226797904,0.0,0.0,0.0
2021-09-25|20260611|9f2e086d39ae4b855ba21604367109e8e9ce00f96010c5ec65c380d317986abc,db37f40b324ba21d,2021/22,2021/22|2021W38,2021-09-25,2021-09-25,brentford,liverpool,4.76605585,52.06383853,4.76605585,5;8;10;12,True,False,0.17601507,0.26706931,0.55691562,0.19379891,0.28758412,0.51861698,0.17601507,0.26706931,0.55691562,1,0.17056815633354466,0.15326078954458455,-0.01730736678896011,-0.01730736678896011,0.0
2021-09-27|20260611|9f2e086d39ae4b855ba21604367109e8e9ce00f96010c5ec65c380d317986abc,12953de4ed394b63,2021/22,2021/22|2021W39,2021-09-27,2021-10-03,west_ham,brentford,52.8699789,5.74419752,5.74419752,8;10;12,True,False,0.45452449,0.25702407,0.28845143,0.43678543,0.2655623,0.29765226,0.45452449,0.25702407,0.28845143,2,0.35644693262391686,0.34203692284821885,-0.014410009775698007,-0.014410009775698007,0.0
2021-10-16|20260611|9f2e086d39ae4b855ba21604367109e8e9ce00f96010c5ec65c380d317986abc,b6076fd62acc0242,2021/22,2021/22|2021W41,2021-10-16,2021-10-16,brentford,chelsea,6.51624687,51.93533627,6.51624687,8;10;12,True,False,0.27246457,0.27902052,0.44851491,0.28133605,0.28950708,0.42915687,0.27246457,0.27902052,0.44851491,2,0.1891863731987965,0.20250592604889978,0.013319552850103278,0.013319552850103278,0.0
2021-10-18|20260611|9f2e086d39ae4b855ba21604367109e8e9ce00f96010c5ec65c380d317986abc,3cec55adb2728de2,2021/22,2021/22|2021W42,2021-10-18,2021-10-24,brentford,leicester,7.4877538,52.72052106,7.4877538,8;10;12,True,False,0.37801904,0.26541416,0.35656679,0.37254937,0.27249639,0.35495424,0.37801904,0.26541416,0.35656679,2,0.27845233873238084,0.2774385327906872,-0.0010138059416936462,-0.0010138059416936462,0.0
2021-10-30|20260611|9f2e086d39ae4b855ba21604367109e8e9ce00f96010c5ec65c380d317986abc,51cd6ade93516420,2021/22,2021/22|2021W43,2021-10-30,2021-10-30,burnley,brentford,52.0116095,8.30771989,8.30771989,10;12,True,False,0.2759232,0.30500016,0.41907664,0.28079876,0.31817862,0.40102262,0.2759232,0.30500016,0.41907664,0,0.34995622124596476,0.3390347826846011,-0.010921438561363683,-0.010921438561363683,0.0
2021-11-01|20260611|9f2e086d39ae4b855ba21604367109e8e9ce00f96010c5ec65c380d317986abc,07d9e8ab5e51bcd8,2021/22,2021/22|2021W44,2021-11-01,2021-11-06,brentford,norwich,9.2724356,21.18756108,9.2724356,10;12,True,False,0.66504017,0.22256121,0.11239861,0.6079485,0.25628786,0.13576364,0.66504017,0.22256121,0.11239861,2,0.6150573187457666,0.5582529322991499,-0.056804386446616784,-0.056804386446616784,0.0
2021-11-20|20260611|9f2e086d39ae4b855ba21604367109e8e9ce00f96010c5ec65c380d317986abc,7df199da3a820358,2021/22,2021/22|2021W46,2021-11-20,2021-11-20,newcastle,brentford,51.13695667,9.91759869,9.91759869,10;12,True,False,0.38142314,0.27291004,0.34566682,0.37493263,0.27997887,0.34508849,0.38142314,0.27291004,0.34566682,1,0.13248458108818598,0.12983027493548346,-0.0026543061527025125,-0.0026543061527025125,0.0
2022-08-05|20260611|9f2e086d39ae4b855ba21604367109e8e9ce00f96010c5ec65c380d317986abc,3a79b219bf50657f,2022/23,2022/23|2022W31,2022-08-05,2022-08-06,newcastle,nottm_forest,51.13927191,0.0,0.0,1;3;5;8;10;12,False,True,0.50595758,0.25131754,0.24272489,0.50595758,0.25131754,0.24272489,0.50595758,0.25131754,0.24272489,0,0.1514966400652354,0.1514966400652354,0.0,0.0,0.0
2022-08-13|20260611|9f2e086d39ae4b855ba21604367109e8e9ce00f96010c5ec65c380d317986abc,0a381b51cf4254e6,2022/23,2022/23|2022W32,2022-08-13,2022-08-14,nottm_forest,west_ham,0.98679473,51.94841517,0.98679473,1;3;5;8;10;12,False,True,0.20362688,0.23904052,0.5573326,0.20362688,0.23904052,0.5573326,0.20362688,0.23904052,0.5573326,0,0.4724148866406471,0.4724148866406471,0.0,0.0,0.0
2022-08-15|20260611|9f2e086d39ae4b855ba21604367109e8e9ce00f96010c5ec65c380d317986abc,44ae4ed318188a4f,2022/23,2022/23|2022W33,2022-08-15,2022-08-20,everton,nottm_forest,53.32449231,1.9811567,1.9811567,3;5;8;10;12,False,True,0.43520088,0.29442911,0.27037002,0.43520088,0.29442911,0.27037002,0.43520088,0.29442911,0.27037002,1,0.13124987413008724,0.13124987413008724,0.0,0.0,0.0
2022-08-22|20260611|9f2e086d39ae4b855ba21604367109e8e9ce00f96010c5ec65c380d317986abc,33672bdc95077ba4,2022/23,2022/23|2022W34,2022-08-22,2022-08-28,nottm_forest,tottenham,2.95120413,53.48833703,2.95120413,3;5;8;10;12,False,True,0.17434493,0.25011746,0.5755376,0.17434493,0.25011746,0.5755376,0.17434493,0.25011746,0.5755376,2,0.1052822375706085,0.1052822375706085,0.0,0.0,0.0
2022-08-30|20260611|9f2e086d39ae4b855ba21604367109e8e9ce00f96010c5ec65c380d317986abc,8a843729e88b17c9,2022/23,2022/23|2022W35,2022-08-30,2022-08-31,man_city,nottm_forest,53.37119361,3.90291664,3.90291664,5;8;10;12,False,True,0.80404549,0.14233254,0.05362197,0.80404549,0.14233254,0.05362197,0.80404549,0.14233254,0.05362197,0,0.020636742828010497,0.020636742828010497,0.0,0.0,0.0
2022-08-30|20260611|9f2e086d39ae4b855ba21604367109e8e9ce00f96010c5ec65c380d317986abc,8b041f2391fac8eb,2022/23,2022/23|2022W35,2022-08-30,2022-09-03,nottm_forest,bournemouth,3.90291664,15.90066535,3.90291664,5;8;10;12,False,True,0.40791319,0.28726416,0.30482265,0.40791319,0.28726416,0.30482265,0.40791319,0.28726416,0.30482265,2,0.32483235926449927,0.32483235926449927,0.0,0.0,0.0
2022-09-16|20260611|9f2e086d39ae4b855ba21604367109e8e9ce00f96010c5ec65c380d317986abc,26769958f2be2265,2022/23,2022/23|2022W37,2022-09-16,2022-09-16,nottm_forest,fulham,5.72461597,20.86238024,5.72461597,8;10;12,True,False,0.26258246,0.28098248,0.45643506,0.27280743,0.292064,0.43512857,0.26258246,0.28098248,0.45643506,2,0.1822061961484276,0.19675181314672488,0.01454561699829729,0.01454561699829729,0.0
2022-10-03|20260611|9f2e086d39ae4b855ba21604367109e8e9ce00f96010c5ec65c380d317986abc,990f10007a917481,2022/23,2022/23|2022W40,2022-10-03,2022-10-03,leicester,nottm_forest,53.2380706,6.51098826,6.51098826,8;10;12,True,False,0.74430237,0.15202362,0.10367401,0.68473647,0.17587394,0.13938959,0.74430237,0.15202362,0.10367401,0,0.0380647891685485,0.05941027557421448,0.021345486405665977,0.021345486405665977,0.0
2022-10-10|20260611|9f2e086d39ae4b855ba21604367109e8e9ce00f96010c5ec65c380d317986abc,0752f7d629029514,2022/23,2022/23|2022W41,2022-10-10,2022-10-15,wolves,nottm_forest,51.54571668,7.41180364,7.41180364,8;10;12,True,False,0.62672106,0.23923984,0.1340391,0.57538299,0.26640156,0.15821545,0.62672106,0.23923984,0.1340391,0,0.07865182368816677,0.10266586690002126,0.02401404321185449,0.02401404321185449,0.0
2022-10-10|20260611|9f2e086d39ae4b855ba21604367109e8e9ce00f96010c5ec65c380d317986abc,497fa078f096aa93,2022/23,2022/23|2022W41,2022-10-10,2022-10-10,nottm_forest,aston_villa,7.41180364,48.63524129,7.41180364,8;10;12,True,False,0.17151305,0.23194307,0.59654388,0.1972589,0.24994583,0.55279526,0.17151305,0.23194307,0.59654388,1,0.19264066354287848,0.17224684208179147,-0.02039382146108701,-0.02039382146108701,0.0
2022-10-18|20260611|9f2e086d39ae4b855ba21604367109e8e9ce00f96010c5ec65c380d317986abc,74cc9df92ac17cd4,2022/23,2022/23|2022W42,2022-10-18,2022-10-18,brighton,nottm_forest,52.2091474,9.27929422,9.27929422,10;12,True,False,0.71179404,0.19417954,0.09402642,0.64911964,0.22854956,0.1223308,0.71179404,0.19417954,0.09402642,1,0.257745861518769,0.21816056583118482,-0.03958529568758418,-0.03958529568758418,0.0
2022-10-18|20260611|9f2e086d39ae4b855ba21604367109e8e9ce00f96010c5ec65c380d317986abc,d47f2fdc323b1dbc,2022/23,2022/23|2022W42,2022-10-18,2022-10-22,nottm_forest,liverpool,9.27929422,53.42341634,9.27929422,10;12,True,False,0.03038097,0.085664,0.88395503,0.05733332,0.13082116,0.81184551,0.03038097,0.085664,0.88395503,0,0.860768779200221,0.7738568089631463,-0.08691197023707464,-0.08691197023707464,0.0
2023-08-11|20260611|9f2e086d39ae4b855ba21604367109e8e9ce00f96010c5ec65c380d317986abc,58a574d4ea6a2664,2023/24,2023/24|2023W32,2023-08-11,2023-08-12,brighton,luton,51.02350171,0.0,0.0,1;3;5;8;10;12,False,True,0.61547312,0.21453708,0.16998981,0.61547312,0.21453708,0.16998981,0.61547312,0.21453708,0.16998981,0,0.0883787267732872,0.0883787267732872,0.0,0.0,0.0
2023-08-11|20260611|9f2e086d39ae4b855ba21604367109e8e9ce00f96010c5ec65c380d317986abc,7c48f786efc14916,2023/24,2023/24|2023W32,2023-08-11,2023-08-12,sheffield_united,crystal_palace,9.844293,51.3465247,9.844293,10;12,True,False,0.29264078,0.30151958,0.40583964,0.29395111,0.31746416,0.38858473,0.29264078,0.30151958,0.40583964,2,0.21933257975716905,0.23011794372970248,0.010785363972533435,0.010785363972533435,0.0
2023-08-21|20260611|9f2e086d39ae4b855ba21604367109e8e9ce00f96010c5ec65c380d317986abc,941a46d8e81f60dd,2023/24,2023/24|2023W34,2023-08-21,2023-08-25,chelsea,luton,52.44849278,0.98305393,0.98305393,1;3;5;8;10;12,False,True,0.66530247,0.19846213,0.1362354,0.66530247,0.19846213,0.1362354,0.66530247,0.19846213,0.1362354,0,0.06529126040063046,0.06529126040063046,0.0,0.0,0.0
2023-09-01|20260611|9f2e086d39ae4b855ba21604367109e8e9ce00f96010c5ec65c380d317986abc,1770b857043b2b02,2023/24,2023/24|2023W35,2023-09-01,2023-09-01,luton,west_ham,1.94952628,52.18629818,1.94952628,3;5;8;10;12,False,True,0.19836934,0.21606707,0.58556359,0.19836934,0.21606707,0.58556359,0.19836934,0.21606707,0.58556359,2,0.10555396649286185,0.10555396649286185,0.0,0.0,0.0
2023-09-16|20260611|9f2e086d39ae4b855ba21604367109e8e9ce00f96010c5ec65c380d317986abc,86f126660f28737e,2023/24,2023/24|2023W37,2023-09-16,2023-09-16,fulham,luton,35.2590124,2.86669293,2.86669293,3;5;8;10;12,False,True,0.65997915,0.19464885,0.145372,0.65997915,0.19464885,0.145372,0.65997915,0.19464885,0.145372,0,0.06837359840936127,0.06837359840936127,0.0,0.0,0.0
2023-09-18|20260611|9f2e086d39ae4b855ba21604367109e8e9ce00f96010c5ec65c380d317986abc,5922dc1797d2eee0,2023/24,2023/24|2023W38,2023-09-18,2023-09-23,luton,wolves,3.85203482,51.06182279,3.85203482,5;8;10;12,False,True,0.25554994,0.28526983,0.45918023,0.25554994,0.28526983,0.45918023,0.25554994,0.28526983,0.45918023,1,0.13807612772842828,0.13807612772842828,0.0,0.0,0.0
2023-09-30|20260611|9f2e086d39ae4b855ba21604367109e8e9ce00f96010c5ec65c380d317986abc,e1a4fdbeea3e7a74,2023/24,2023/24|2023W39,2023-09-30,2023-09-30,everton,luton,52.45157627,4.75204049,4.75204049,5;8;10;12,True,False,0.59306734,0.23130868,0.17562398,0.54821592,0.25535423,0.19642985,0.59306734,0.23130868,0.17562398,2,0.5156623460628581,0.4731328404562344,-0.04252950560662372,-0.04252950560662372,0.0
2023-10-02|20260611|9f2e086d39ae4b855ba21604367109e8e9ce00f96010c5ec65c380d317986abc,a3ad554c260e3520,2023/24,2023/24|2023W40,2023-10-02,2023-10-07,luton,tottenham,5.73023529,53.14316067,5.73023529,8;10;12,True,False,0.12440971,0.15815899,0.7174313,0.15697652,0.18346328,0.65956019,0.12440971,0.15815899,0.7174313,2,0.04766142308098705,0.0702704426276752,0.022609019546688154,0.022609019546688154,0.0
2023-10-02|20260611|9f2e086d39ae4b855ba21604367109e8e9ce00f96010c5ec65c380d317986abc,af27260e606d4bcc,2023/24,2023/24|2023W40,2023-10-02,2023-10-03,luton,burnley,5.73023529,29.03234674,5.73023529,8;10;12,True,False,0.34492689,0.27374973,0.38132338,0.34134906,0.28693273,0.37171821,0.34492689,0.27374973,0.38132338,2,0.25086765978984826,0.2556285942042438,0.004760934414395512,0.004760934414395512,0.0
2023-10-21|20260611|9f2e086d39ae4b855ba21604367109e8e9ce00f96010c5ec65c380d317986abc,127fd769f0474ece,2023/24,2023/24|2023W42,2023-10-21,2023-10-21,nottm_forest,luton,29.77085338,7.4673235,7.4673235,8;10;12,True,False,0.58515776,0.23356816,0.18127408,0.54122169,0.25710631,0.201672,0.58515776,0.23356816,0.18127408,1,0.187634948084032,0.16679625665522804,-0.020838691428803957,-0.020838691428803957,0.0
2023-10-23|20260611|9f2e086d39ae4b855ba21604367109e8e9ce00f96010c5ec65c380d317986abc,402437d7d736c330,2023/24,2023/24|2023W43,2023-10-23,2023-10-29,aston_villa,luton,50.77005636,8.43522503,8.43522503,10;12,True,False,0.7774765,0.14150919,0.08101431,0.70934821,0.17880332,0.11184847,0.7774765,0.14150919,0.08101431,0,0.028040013238513052,0.04849427163577249,0.020454258397259437,0.020454258397259437,0.0
2023-11-04|20260611|9f2e086d39ae4b855ba21604367109e8e9ce00f96010c5ec65c380d317986abc,0bb28222676b9001,2023/24,2023/24|2023W44,2023-11-04,2023-11-05,luton,liverpool,9.23384392,53.01324515,9.23384392,10;12,True,False,0.05890103,0.11247821,0.82862076,0.08983497,0.15299487,0.75717016,0.05890103,0.11247821,0.82862076,1,0.3450408476190192,0.2906884865146633,-0.05435236110435593,-0.05435236110435593,0.0
2024-08-16|20260611|9f2e086d39ae4b855ba21604367109e8e9ce00f96010c5ec65c380d317986abc,dc9c49a5415e6b7a,2024/25,2024/25|2024W33,2024-08-16,2024-08-17,ipswich,liverpool,0.0,50.65888286,0.0,1;3;5;8;10;12,False,True,0.14283086,0.18205696,0.67511218,0.14283086,0.18205696,0.67511218,0.14283086,0.18205696,0.67511218,2,0.062976375076346,0.062976375076346,0.0,0.0,0.0
2024-08-19|20260611|9f2e086d39ae4b855ba21604367109e8e9ce00f96010c5ec65c380d317986abc,2bd9e4471c672e90,2024/25,2024/25|2024W34,2024-08-19,2024-08-24,man_city,ipswich,51.40851113,0.99620914,0.99620914,1;3;5;8;10;12,False,True,0.82420366,0.12513694,0.0506594,0.82420366,0.12513694,0.0506594,0.82420366,0.12513694,0.0506594,0,0.0167353639828778,0.0167353639828778,0.0,0.0,0.0
2024-08-31|20260611|9f2e086d39ae4b855ba21604367109e8e9ce00f96010c5ec65c380d317986abc,e616065f7e49e139,2024/25,2024/25|2024W35,2024-08-31,2024-08-31,ipswich,fulham,1.96055857,42.53723509,1.96055857,3;5;8;10;12,False,True,0.29254067,0.25800793,0.4494514,0.29254067,0.25800793,0.4494514,0.29254067,0.25800793,0.4494514,1,0.14379330228300446,0.14379330228300446,0.0,0.0,0.0
2024-09-14|20260611|9f2e086d39ae4b855ba21604367109e8e9ce00f96010c5ec65c380d317986abc,7070781a4237449d,2024/25,2024/25|2024W37,2024-09-14,2024-09-14,brighton,ipswich,50.62495767,2.88288489,2.88288489,3;5;8;10;12,False,True,0.58025592,0.22857864,0.19116545,0.58025592,0.22857864,0.19116545,0.58025592,0.22857864,0.19116545,1,0.18662057907272003,0.18662057907272003,0.0,0.0,0.0
2024-09-21|20260611|9f2e086d39ae4b855ba21604367109e8e9ce00f96010c5ec65c380d317986abc,cccf2c5cec4d2363,2024/25,2024/25|2024W38,2024-09-21,2024-09-21,southampton,ipswich,27.47833456,3.83161035,3.83161035,5;8;10;12,False,True,0.35809076,0.29706389,0.34484536,0.35809076,0.29706389,0.34484536,0.35809076,0.29706389,0.34484536,1,0.12357365390700004,0.12357365390700004,0.0,0.0,0.0
2024-09-28|20260611|9f2e086d39ae4b855ba21604367109e8e9ce00f96010c5ec65c380d317986abc,92b735709d1054d6,2024/25,2024/25|2024W39,2024-09-28,2024-09-29,ipswich,aston_villa,4.76780764,50.10662815,4.76780764,5;8;10;12,True,False,0.22089637,0.23959674,0.53950688,0.24088262,0.25307798,0.5060394,0.22089637,0.23959674,0.53950688,1,0.16993144531832446,0.1570501554852122,-0.012881289833112264,-0.012881289833112264,0.0
2024-09-30|20260611|9f2e086d39ae4b855ba21604367109e8e9ce00f96010c5ec65c380d317986abc,77e43c4ad5cb2c43,2024/25,2024/25|2024W40,2024-09-30,2024-10-05,west_ham,ipswich,52.08759667,5.7478363,5.7478363,8;10;12,True,False,0.50668168,0.244868,0.24845031,0.47976119,0.25494896,0.26528985,0.50668168,0.244868,0.24845031,0,0.15254526317786238,0.1705135619716193,0.017968298793756915,0.017968298793756915,0.0
2024-10-19|20260611|9f2e086d39ae4b855ba21604367109e8e9ce00f96010c5ec65c380d317986abc,41b2d45522665310,2024/25,2024/25|2024W42,2024-10-19,2024-10-19,ipswich,everton,6.51790573,51.31509872,6.51790573,8;10;12,True,False,0.33911298,0.28430566,0.37658136,0.33857504,0.29218128,0.36924369,0.33911298,0.28430566,0.37658136,2,0.251824206951965,0.25624329646547195,0.004419089513506946,0.004419089513506946,0.0
2024-10-21|20260611|9f2e086d39ae4b855ba21604367109e8e9ce00f96010c5ec65c380d317986abc,941a851be8b6db1b,2024/25,2024/25|2024W43,2024-10-21,2024-10-26,brentford,ipswich,46.4329432,7.48940637,7.48940637,8;10;12,True,False,0.64814331,0.20144084,0.15041585,0.59767021,0.22246652,0.17986327,0.64814331,0.20144084,0.15041585,0,0.07321402911448928,0.0971100279082685,0.023895998793779225,0.023895998793779225,0.0
2024-11-02|20260611|9f2e086d39ae4b855ba21604367109e8e9ce00f96010c5ec65c380d317986abc,dc89956d947e6b8f,2024/25,2024/25|2024W44,2024-11-02,2024-11-02,ipswich,leicester,8.30745949,30.23666767,8.30745949,10;12,True,False,0.28339951,0.23009611,0.48650438,0.29890607,0.23513912,0.46595481,0.28339951,0.23009611,0.48650438,1,0.15850089701371223,0.15322936182249047,-0.0052715351912217545,-0.0052715351912217545,0.0
2024-11-04|20260611|9f2e086d39ae4b855ba21604367109e8e9ce00f96010c5ec65c380d317986abc,6925d3ac91a0367f,2024/25,2024/25|2024W45,2024-11-04,2024-11-10,tottenham,ipswich,52.76619708,9.27217619,9.27217619,10;12,True,False,0.77882587,0.13311368,0.08806045,0.71465463,0.16059439,0.12475098,0.77882587,0.13311368,0.08806045,2,0.7191017393177297,0.6383960435956986,-0.08070569572203112,-0.08070569572203112,0.0
2024-11-23|20260611|9f2e086d39ae4b855ba21604367109e8e9ce00f96010c5ec65c380d317986abc,4f59dc23fcc87993,2024/25,2024/25|2024W47,2024-11-23,2024-11-24,ipswich,man_united,9.91919944,51.92058328,9.91919944,10;12,True,False,0.232824,0.23960625,0.52756974,0.25314107,0.25023117,0.49662776,0.232824,0.23960625,0.52756974,1,0.16626842804553127,0.15535976666168125,-0.010908661383850021,-0.010908661383850021,0.0
