season,cutoff_label,cutoff,treated_clubs,n_treated_clubs,trps_control,trps_treatment,delta_trps,wtrps_control,wtrps_treatment,delta_wtrps,mc_se_paired,identical,sampler_digest_control,sampler_digest_treatment,substantive_digest_control,substantive_digest_treatment,parity_digest_simretro,provisional_control,provisional_treatment,effective_posterior_control,effective_posterior_treatment,tally_sha256,cov50_control,cov90_control,cov50_treatment,cov90_treatment,cov50_treated_control,cov90_treated_control,cov50_treated_treatment,cov90_treated_treatment,realised_hash
2019/20,MW3,2019-08-31,aston_villa;norwich,2,0.08986678265789473,0.0911424778618421,0.0012756952039473662,0.08689889943750001,0.08738072685000002,0.0004818274125000105,0.00011705470175083833,False,baf8c354983a18d49fd30d075edc9a6aad7ea19e697655112b6a7513afa8d4fb,746a86ea4968aa91c7781ee035f75ec59b875a0b5cc3e9b3bbd4842f3b1d913d,2080f020c39a2e0728b456a44f320c7829022ca3b034edc99c34567d87028eb4,419b6d80ccbb1feacbd3949d1771568da01c6ffec4afbcaf94bd71ea20115116,2080f020c39a2e0728b456a44f320c7829022ca3b034edc99c34567d87028eb4,sheffield_united,aston_villa;norwich;sheffield_united,31f93906d773a832a40b07d70e79ee5f9ac08846a01fba6bd9d3e2169eb5ccbf,afd4e9eefcce2c04ee044ec1286263659efa2930b800d3ce51e4f25ef5b965dd,a9cc297c97a93bfaaf33d2e693b1d16ecdcb1285373024a74207341ca9ce9399,0.3,1.0,0.35,0.95,0.5,1.0,0.5,0.5,4653d8978c5b8b0891e1c1970716784bf00f5a139cb2e4ea927a2ab903df5226
2019/20,MW6,2019-09-28,aston_villa;norwich;sheffield_united,3,0.09259046249342105,0.09387921102960525,0.0012887485361842005,0.08570921247499999,0.08652270776249998,0.0008134952874999934,0.00016078010845182097,False,e441b8043a20ca81be0e6e6a3aa9f9cea4424dbf212fd255da99e1c1e560ffd0,cb537ddb7270b703a8ce0957938be6197c7544a82cbc8188f9ef27b5be7e787c,8dbc6f6d8023ef3822adedf05c675ba2351c1418139272ac1aae8a162a76f7fd,c8a8eb38e574304ca44d8af66d04a63a169c918aee19c42867b91358006d0963,8dbc6f6d8023ef3822adedf05c675ba2351c1418139272ac1aae8a162a76f7fd,,aston_villa;norwich;sheffield_united,8860c9f757284644ede8ce93b5e296863db3bc6ea528f9f07c220c89df40af0c,f0fb1e0abef0e92db61fcbe4dbf4482ee5349acc29005d716a024d93044ae0fc,5edd4683a048d33bb6c0be91efe73efd1a7969ee6ec8ee77331f326f2652678c,0.4,0.95,0.4,0.95,0.3333333333333333,0.6666666666666666,0.3333333333333333,0.6666666666666666,4653d8978c5b8b0891e1c1970716784bf00f5a139cb2e4ea927a2ab903df5226
2019/20,MW10,2019-11-02,sheffield_united,1,0.07214100053289474,0.07171965736513157,-0.00042134316776316905,0.053927855025,0.05355653635,-0.0003713186749999958,7.141303910464445e-05,False,231e0a3bc575cb147c864ea83570c9ba1b1d7dc39b687f761090bdd65e1fdcb2,bac6c4d3daf87c1f958e1c60459c3d49536ec7a8272f123f655bf6c1f42f8b9a,2b8c5ae6805cc5bd38ea463de77c3944f088aeff88febf87af6b6dcce548068d,9009f2459b8a5d02370af067f0f2a46b769f760c587562568848f77a55dd3c9b,2b8c5ae6805cc5bd38ea463de77c3944f088aeff88febf87af6b6dcce548068d,,sheffield_united,9763a9187dde2368d121951ef43bd9b323d425112cdd9fb9bf3119fbee534b63,c38fd7a83ab0ff8ba94df05fa34202ddf5592bb27ec8fd61307911a9f468a4f2,3e6c3b193679fcfa3bfd0288f40fb74ab078cfe4dd29320e2184923dfa1c59ef,0.45,0.95,0.45,0.95,1.0,1.0,1.0,1.0,4653d8978c5b8b0891e1c1970716784bf00f5a139cb2e4ea927a2ab903df5226
2019/20,MW19,2020-01-01,,0,0.049691211381578955,0.049691211381578955,0.0,0.0409125012125,0.0409125012125,0.0,,True,a88defc186eb0c2d40a196d0dd2bbe0dd8a891d26259055b0aaf2795d5593655,a88defc186eb0c2d40a196d0dd2bbe0dd8a891d26259055b0aaf2795d5593655,e85bb76593f229a2ff9fa1fa3bff906a07cd7c2cf454ff851dbc09f2e0e77ab9,e85bb76593f229a2ff9fa1fa3bff906a07cd7c2cf454ff851dbc09f2e0e77ab9,e85bb76593f229a2ff9fa1fa3bff906a07cd7c2cf454ff851dbc09f2e0e77ab9,,,76da71c2978c2193c94c5819df5bd4af5f522760ae4084045b618c5f6cc24923,76da71c2978c2193c94c5819df5bd4af5f522760ae4084045b618c5f6cc24923,668a676a5f449f808e4a9415bdf91c938974966117e30b03f2c3f62a87b6722b,0.6,0.85,0.6,0.85,,,,,4653d8978c5b8b0891e1c1970716784bf00f5a139cb2e4ea927a2ab903df5226
2020/21,MW3,2020-10-17,,0,0.07397515739144737,0.07397515739144737,0.0,0.06561039503749999,0.06561039503749999,0.0,,True,a486f2afc3436037f72e0842c245076c476c7663a55d723ecae51c8c2a9aeca3,a486f2afc3436037f72e0842c245076c476c7663a55d723ecae51c8c2a9aeca3,29f9cf580e4f64e6ed95e787d2c7ebd1215d7ef20ea566fa9795e4f6af53375f,29f9cf580e4f64e6ed95e787d2c7ebd1215d7ef20ea566fa9795e4f6af53375f,29f9cf580e4f64e6ed95e787d2c7ebd1215d7ef20ea566fa9795e4f6af53375f,leeds;leicester,leeds;leicester,1108fdc0eb46d1d2ddba6830cb6c58792094f5327d5554899da9e9b89e51c3be,1108fdc0eb46d1d2ddba6830cb6c58792094f5327d5554899da9e9b89e51c3be,a5f96681f8fe7944a283bb4eb411e692050429f5fe82b06b0f8d83e5efd65cbd,0.6,0.85,0.6,0.85,,,,,b865e009bdeabfb289f17b4666b9ef153405a15a4b100ffc24511a8cce3ff9eb
2020/21,MW6,2020-11-02,leeds,1,0.07620159107894736,0.07545456135855264,-0.0007470297203947263,0.06774127976249998,0.0667082035,-0.0010330762624999879,6.0875044253794594e-05,False,55117bd37d974c166dc5f62d568d2bcdfc472a363bebab8490f225104b19e546,1a6889e5255b9c19ef022be9b2370cbd2fd855c93f65e56ff68647ec3e041eee,675469d7731aa892c14ada86cd600a34d0f08273ec3445a602af83e4e7fa8dd3,db0913effe7e7498bf53824be8448e96bebcf33302c9b262eed6527d61af3eab,675469d7731aa892c14ada86cd600a34d0f08273ec3445a602af83e4e7fa8dd3,leicester,leeds;leicester,a5a330d66b788780847448420e61ffa4545c214bdfad7e88987ad6448aa76a16,ed27b8ede12a4068ed68fbb94f7d018b330d2f81909e295fec1c512b7e9a62a3,d813e9b39f17272a4bb9e73d091ad992def7395d35a5b9383cef36752d675474,0.55,0.85,0.55,0.85,1.0,1.0,1.0,1.0,b865e009bdeabfb289f17b4666b9ef153405a15a4b100ffc24511a8cce3ff9eb
2020/21,MW10,2020-12-07,,0,0.06639132390131579,0.06639132390131579,0.0,0.0461848049,0.0461848049,0.0,,True,3f28605ad0831c63447ffa750c8139a84f1c2166256ca730d2317a600dbe4935,3f28605ad0831c63447ffa750c8139a84f1c2166256ca730d2317a600dbe4935,0cd45129a2393f1bf344e55b616042cfe31be1dc57a47919dd239a433c5b7f07,0cd45129a2393f1bf344e55b616042cfe31be1dc57a47919dd239a433c5b7f07,0cd45129a2393f1bf344e55b616042cfe31be1dc57a47919dd239a433c5b7f07,aston_villa,aston_villa,e71799e4b283d3b943181b416f8a95485e606f4a9c34dcbc600150d72a74bb91,e71799e4b283d3b943181b416f8a95485e606f4a9c34dcbc600150d72a74bb91,86db9c6c6c10b1135ae93ca2258cf0c3b8343acc5d6805e2f75e6f0577932ea0,0.55,0.9,0.55,0.9,,,,,b865e009bdeabfb289f17b4666b9ef153405a15a4b100ffc24511a8cce3ff9eb
2020/21,MW19,2021-02-02,,0,0.05075851779276315,0.05075851779276315,0.0,0.0325681353625,0.0325681353625,0.0,,True,945705481e083851c32e99b18608e1155945736939eba5c155ee534812017e0d,945705481e083851c32e99b18608e1155945736939eba5c155ee534812017e0d,600c68b199710d8b999d573743bef71056341c8a94cdede59603befb71a970e6,600c68b199710d8b999d573743bef71056341c8a94cdede59603befb71a970e6,600c68b199710d8b999d573743bef71056341c8a94cdede59603befb71a970e6,,,06e2d5c1464556f2a670f2240944a31d6f5358b4b308c98084fdaed1c86e23a7,06e2d5c1464556f2a670f2240944a31d6f5358b4b308c98084fdaed1c86e23a7,6b9c887b8351e6ae9259a78b0ac3403dfcf89ee0f22fba51e9225cf0bb4b3a6f,0.7,1.0,0.7,1.0,,,,,b865e009bdeabfb289f17b4666b9ef153405a15a4b100ffc24511a8cce3ff9eb
2021/22,MW0,2021-08-13,,0,0.08823481416776316,0.08823481416776316,0.0,0.055193373062499995,0.055193373062499995,0.0,,True,10add8a24d46233eac1904ffd99b56e0e8b97985eb420c1c30cd98fa9ff37aab,10add8a24d46233eac1904ffd99b56e0e8b97985eb420c1c30cd98fa9ff37aab,4a7ef73a87e9179dc54d6aeba68f06086e5631d137b5d0bb5b0f110420f33485,4a7ef73a87e9179dc54d6aeba68f06086e5631d137b5d0bb5b0f110420f33485,4a7ef73a87e9179dc54d6aeba68f06086e5631d137b5d0bb5b0f110420f33485,brentford,brentford,6dab093e5eca24b8e7d4a5c94a6301dd803ed30b09963114c0bc0ab78f2198de,6dab093e5eca24b8e7d4a5c94a6301dd803ed30b09963114c0bc0ab78f2198de,8a0e522a698ad92cb10608ccd0609601791cb6907261459d4c3fa52de77be53e,0.5,0.95,0.5,0.95,,,,,2a4f795ad2a542032287104d646d2a176e7bfe4ca7069133f717ee08081ccffb
2021/22,MW3,2021-09-11,,0,0.08835286111513158,0.08835286111513158,0.0,0.049939972249999985,0.049939972249999985,0.0,,True,a0258a46f8ae36c63f4fae36663708b75da541866688a2d0425ba7c1910c7193,a0258a46f8ae36c63f4fae36663708b75da541866688a2d0425ba7c1910c7193,029275c22dfddb5bb74f443350c310cde2d99101c66e29e61977befa8a99a63f,029275c22dfddb5bb74f443350c310cde2d99101c66e29e61977befa8a99a63f,029275c22dfddb5bb74f443350c310cde2d99101c66e29e61977befa8a99a63f,brentford,brentford,b87b8c2e1309b259f7c4f29d9cbfd82a13d51e549b587c1d4a68742fd4e2a1d5,b87b8c2e1309b259f7c4f29d9cbfd82a13d51e549b587c1d4a68742fd4e2a1d5,bc9976ddd32c79a1b8d61dd4d328313e0ea3267efbd1a5b9f3f86982549e1a4a,0.45,0.9,0.45,0.9,,,,,2a4f795ad2a542032287104d646d2a176e7bfe4ca7069133f717ee08081ccffb
2021/22,MW6,2021-10-16,brentford,1,0.08410385751973685,0.08435863097368422,0.0002547734539473656,0.0489713080375,0.047923355275,-0.0010479527624999985,0.00011943312858845438,False,7d05cedf30d6d925ade2db066c6e0593d9eea58359b772d5519178a98f9cc3cc,424e27bc062ed886f37258bb19245c4b6ad5d4562cc033cef706484c4e0c0507,f1dc2ac58fefc7dcbaece530594664787a87697e01a2d553da92fc9a90de6d73,8b45f5e1d71003dc94d377dc6db5bd304e6a68ced9638f31e827025d83c35f33,f1dc2ac58fefc7dcbaece530594664787a87697e01a2d553da92fc9a90de6d73,,brentford,7f1042ad37044a1e07557def597d638b5a5ef4b2ab3df62e6d61decf5146ecb6,a119783729034505f45c7c3c72e93af8d791d8f7b886b90702b769e8ab912dc8,18b6a7a373e219b02a7caa3400cf32bdd455620502f5fd0d74362525f4fadd7a,0.5,0.9,0.45,0.9,0.0,1.0,0.0,1.0,2a4f795ad2a542032287104d646d2a176e7bfe4ca7069133f717ee08081ccffb
2021/22,MW10,2021-11-20,brentford,1,0.06536670695723683,0.06461950248355264,-0.0007472044736841904,0.0441815039125,0.04387340863749999,-0.00030809527500001016,8.217283977848347e-05,False,452900e29c54e50e4aeb7eef06221e290ae1c832536582a34105b385827c96c4,f2bc5ba6c3e5d7bfbf90011e1ca2eef577d09c90df118d2cf17fb5468a4abef5,7803934fdf1aaee39debce7fc8e08ac80130ecaf5fd16bfef4aa23c94eda0f07,cf9b36f9cd51279cf40237d0d4c70ea4cf724ccd9494ca5c2ace0121713be831,7803934fdf1aaee39debce7fc8e08ac80130ecaf5fd16bfef4aa23c94eda0f07,,brentford,b4ea1f84c57f9c8d24fa07f54b7ab4908d002fc3c1ae980aac9bbdf42f9e7a99,6564c1af5e6e1da937f5dc663f3cfef8512c3e155796951583f66474d26a0bbc,325cb392f2b7c746c8a30ec929b0c93d9b0770765420529036996df3415699a3,0.55,0.9,0.55,0.9,1.0,1.0,1.0,1.0,2a4f795ad2a542032287104d646d2a176e7bfe4ca7069133f717ee08081ccffb
2021/22,MW19,2022-01-03,,0,0.049410735588815785,0.049410735588815785,0.0,0.028426276474999998,0.028426276474999998,0.0,,True,9cfc16adf38bf03b8e0281cca8eb1df6aaf66e7f0989cbfa494eec9f22a3220e,9cfc16adf38bf03b8e0281cca8eb1df6aaf66e7f0989cbfa494eec9f22a3220e,fc45b9257679a5bfdb472851807c47203ba7110103fe53da072e0378fd8ec80f,fc45b9257679a5bfdb472851807c47203ba7110103fe53da072e0378fd8ec80f,fc45b9257679a5bfdb472851807c47203ba7110103fe53da072e0378fd8ec80f,,,28ef7f4e8f500ab0e9b4163de0fc0d1300d7de5d05d7d4cb47001c14c535115a,28ef7f4e8f500ab0e9b4163de0fc0d1300d7de5d05d7d4cb47001c14c535115a,63e1fa69f9e72909e85ad78b354163ffb21eaa029ce27a173958f379303521ae,0.7,0.9,0.7,0.9,,,,,2a4f795ad2a542032287104d646d2a176e7bfe4ca7069133f717ee08081ccffb
2022/23,MW0,2022-08-05,,0,0.1604352741085526,0.1604352741085526,0.0,0.146122732825,0.146122732825,0.0,,True,8d81813d1184253a71478b160017c6d6e84859ac62df3238ce4a288de6bc7f9a,8d81813d1184253a71478b160017c6d6e84859ac62df3238ce4a288de6bc7f9a,32ac4f4375214e39405fb8377148b31bba9984cf9cc6d51acf3823b6a9ce125c,32ac4f4375214e39405fb8377148b31bba9984cf9cc6d51acf3823b6a9ce125c,32ac4f4375214e39405fb8377148b31bba9984cf9cc6d51acf3823b6a9ce125c,nottm_forest,nottm_forest,dd8e03bce31a53395ab6e1f6882f7eb7c049181dbca3922037c5965af8d4f49f,dd8e03bce31a53395ab6e1f6882f7eb7c049181dbca3922037c5965af8d4f49f,ec0ae4028b5cd73ec26664c501fedb2a184872f55f6ed7f1117a6c8336c77534,0.3,0.7,0.3,0.7,,,,,d43cebb39b4c3fa8c7564d509f6e13647ab1d32f58c9d5882365ef67144c463e
2022/23,MW3,2022-08-30,,0,0.14056902673026317,0.14056902673026317,0.0,0.1375719502125,0.1375719502125,0.0,,True,618e45dacd4a204a8b99c125b047e5837b2d6b69d766e97a0e4f3de47710450c,618e45dacd4a204a8b99c125b047e5837b2d6b69d766e97a0e4f3de47710450c,99ed35338c9007e6c3f0e7c2080a7661b81d112fd90dd6dbc72e46d92ff8be85,99ed35338c9007e6c3f0e7c2080a7661b81d112fd90dd6dbc72e46d92ff8be85,99ed35338c9007e6c3f0e7c2080a7661b81d112fd90dd6dbc72e46d92ff8be85,nottm_forest,nottm_forest,184e3ec15028e469d5ee3c0e9e6e0d0c40c774bdf82b1cf78ef0826191b44dba,184e3ec15028e469d5ee3c0e9e6e0d0c40c774bdf82b1cf78ef0826191b44dba,21f62c279e761f5ee8d0d60b87ebfee12f185a2f9dfc41692184f46abfb72f35,0.25,0.6,0.25,0.6,,,,,d43cebb39b4c3fa8c7564d509f6e13647ab1d32f58c9d5882365ef67144c463e
2022/23,MW6,2022-09-16,nottm_forest,1,0.12954617298026316,0.12884919935526315,-0.0006969736250000136,0.13097421003749998,0.130684028475,-0.0002901815624999915,8.704730803336637e-05,False,cdc43b177dc71894387177e2c7c6b64f2d760f2fd7fb0df2ed3be234f5852755,0759a299bd0333c1fab7a0293a0149e58b9028f2cb248c8ac1af9d87ec3d7c38,d7f3a46071b0cb20aacf53f8499a84d106effa1ff6113fa21d5e1531a4ee5eb9,5d3a8b8414d0ead54ae5d0dab51109bfea2dc5e1700714889700a99d2fffb272,d7f3a46071b0cb20aacf53f8499a84d106effa1ff6113fa21d5e1531a4ee5eb9,,nottm_forest,a395c291e40e8afc87b712785e64fa966a5148161bd2c0c4a2d41fce65b3bc6a,902015d2fb3727d449a166a76067824487f0e78b1f2bef87b25c9f7b7e41a161,6250d31efbe2121bc552882d4f0dc1050714528e0229e203f34cc5129f33da99,0.25,0.7,0.25,0.7,0.0,1.0,0.0,1.0,d43cebb39b4c3fa8c7564d509f6e13647ab1d32f58c9d5882365ef67144c463e
2022/23,MW10,2022-10-24,,0,0.12115619517763156,0.12115619517763156,0.0,0.11404777054999998,0.11404777054999998,0.0,,True,5890d293dd7221211114f30b9af750f7db267c5b8940c63b640d317f32bb69bc,5890d293dd7221211114f30b9af750f7db267c5b8940c63b640d317f32bb69bc,8898decdcfa5d528e3146f396249b65ec951eac23302d2615b8d253293f1d9fe,8898decdcfa5d528e3146f396249b65ec951eac23302d2615b8d253293f1d9fe,8898decdcfa5d528e3146f396249b65ec951eac23302d2615b8d253293f1d9fe,,,f42e7a72f2a82f6f6b9947a3f8558a71a29185ae41541d164421c899c2ca3c99,f42e7a72f2a82f6f6b9947a3f8558a71a29185ae41541d164421c899c2ca3c99,571c5b6cab1d25f2fcee310e47c9b24e5b0c95e333e4dd32f62f82fb39027c7e,0.25,0.7,0.25,0.7,,,,,d43cebb39b4c3fa8c7564d509f6e13647ab1d32f58c9d5882365ef67144c463e
2022/23,MW19,2023-01-23,,0,0.06750688566776315,0.06750688566776315,0.0,0.06948592451249999,0.06948592451249999,0.0,,True,c2ddf4b70c3088bdfe9256fc0295a4b1f6826815ba38546fbd156d74a284abb8,c2ddf4b70c3088bdfe9256fc0295a4b1f6826815ba38546fbd156d74a284abb8,c16e00aa37fe63c9d57fbb7051d5def130b658aaeb94f4aa8e255899bcf419da,c16e00aa37fe63c9d57fbb7051d5def130b658aaeb94f4aa8e255899bcf419da,c16e00aa37fe63c9d57fbb7051d5def130b658aaeb94f4aa8e255899bcf419da,,,93e7bdb92275640b0323a8f9fd06887047ed8173d16724cef874c89a6a440ef6,93e7bdb92275640b0323a8f9fd06887047ed8173d16724cef874c89a6a440ef6,9b32d246bc8153be0b7ee7e3276913fb3193b1e4e7ceeddaae865bc4c9a23688,0.45,0.9,0.45,0.9,,,,,d43cebb39b4c3fa8c7564d509f6e13647ab1d32f58c9d5882365ef67144c463e
2023/24,MW0,2023-08-11,sheffield_united,1,0.08254243549671053,0.08426582305592106,0.0017233875592105319,0.0639046632625,0.0650805568625,0.0011758936000000053,8.650693325911784e-05,False,00d32a1b7711e56a3fd1c6a64e986dd8eaf7354d6594651943e00b604d218b0f,b403a8f7305d9ec7a08a073bc5e04fe2a4a927bc24d8d77936ae9ca2e75173ae,dcb433a74b6945c1c830b5f0bb8671276744bea5e6b0f7f6060200a179e63f65,18e09c84c62d391e7ff281d00e456d1ee06e0851837ee4173d886e9e7b8eb18e,dcb433a74b6945c1c830b5f0bb8671276744bea5e6b0f7f6060200a179e63f65,brighton;luton,brighton;luton;sheffield_united,c8898e64ae36ca5f5e7202fd4ccbf3c4d3f4c790e4e41823da82a016dbe98382,25c93ccf510534a97192ca60cb693aa242febe62194d4c886008ffdcd1f4a9a5,cf03ace38b955f7f50d7ca200aae17f2d75a0784c80ff418ead07fe56382e103,0.6,0.85,0.55,0.85,0.0,0.0,0.0,0.0,562da8bf66af2b32ac48ee4d9a61fcad4515ca437264ba21e73350b040fbfe35
2023/24,MW6,2023-10-02,luton,1,0.06655444176973685,0.06606411202631579,-0.0004903297434210585,0.04114839158749999,0.041990731075,0.0008423394875000101,5.875552783975186e-05,False,6c2a032545493592ad3d059a669cb3362ed68895b1da17d40470de99a17e703d,ab24d91cf23b802e75a1ba5bd73bea6923e332507917f5cab2d8647cc6917c1b,cd3e0c75d8200d02f58b93295ad1205ad93532e312b25a82ede07fab19cc706e,7b4b03cbadc9215f51329274936db6d0e02bbf0db9001f34f17634dc7b011c88,cd3e0c75d8200d02f58b93295ad1205ad93532e312b25a82ede07fab19cc706e,,luton,6805b6d8bfc2d0d33e0127c27faa74f9e693d35a60eb5c39a5ccf962fc515d0b,4f2c13cd70afcb3b86fa3fed44ce9ed6a119a2cd35dc703d3d289dd288f04c19,cc5cb4c4994838ed7c0dc8e4bc834a96a2958c88e8dcd434bcfdecaa25b06b18,0.55,0.9,0.6,0.9,1.0,1.0,1.0,1.0,562da8bf66af2b32ac48ee4d9a61fcad4515ca437264ba21e73350b040fbfe35
2023/24,MW10,2023-11-04,luton,1,0.06654178233223684,0.06594545793092105,-0.0005963244013157953,0.0353658706875,0.0355091735125,0.0001433028249999968,5.1523524307014655e-05,False,a6f914bfabef216ce62cf70c783547ee9d5cb78f5aba19322bf57c576036be6a,535d7ac61668939faccdb6beb20c59d891895606b2285840a4a806aec20e30d5,0bef65d58bcf204ad9131a46ae0bb0374e99fd47a6b7736ef775a45f1d6ca226,14294b144a2143310d7cf6a2561b6623b2f0ba88079d5eb19b5cf45a3d593050,0bef65d58bcf204ad9131a46ae0bb0374e99fd47a6b7736ef775a45f1d6ca226,,luton,e68f08ea9c5030e180b0325cc31f57de561528a964fc7793f80338cf5fe0bf08,0f90a60bb6222bbe44ec7cc43caeb748d80a6291d317c1e0c4fcb741d1eeba59,dbc9cde6dfb6f14d843f888a140db32699a60184a81c98bf83d29440a51aa921,0.6,0.85,0.6,0.85,1.0,1.0,1.0,1.0,562da8bf66af2b32ac48ee4d9a61fcad4515ca437264ba21e73350b040fbfe35
2023/24,MW19,2024-01-01,,0,0.04631142776973684,0.04631142776973684,0.0,0.0274516481875,0.0274516481875,0.0,,True,8bacded4ffa04f822cc1e6ea26a36db713cf3e1281c1a85906ccad6930fe5c50,8bacded4ffa04f822cc1e6ea26a36db713cf3e1281c1a85906ccad6930fe5c50,646a902208c4785caa476c86d94e4b92b334c39a7d637dd60df1128c8c4585ed,646a902208c4785caa476c86d94e4b92b334c39a7d637dd60df1128c8c4585ed,646a902208c4785caa476c86d94e4b92b334c39a7d637dd60df1128c8c4585ed,,,acd6a02f3d38d98344fd2e7baf87a5f52b2e79cb5ff00f98f54bcb7ee4bc54f7,acd6a02f3d38d98344fd2e7baf87a5f52b2e79cb5ff00f98f54bcb7ee4bc54f7,09432b75ab195f415a9839a7491cd7a9ae57b850eca24debda79137cc21d735b,0.6,0.9,0.6,0.9,,,,,562da8bf66af2b32ac48ee4d9a61fcad4515ca437264ba21e73350b040fbfe35
2024/25,MW0,2024-08-16,,0,0.11607500240131578,0.11607500240131578,0.0,0.06837344148749999,0.06837344148749999,0.0,,True,6bdeee8e610b801652c1ba147ee2e630ab558885189118f9e2f3ab704912b8fe,6bdeee8e610b801652c1ba147ee2e630ab558885189118f9e2f3ab704912b8fe,a0ac52b35c3180f810b1caf5788256c4e704a269ab664c16d75f737af96b86c7,a0ac52b35c3180f810b1caf5788256c4e704a269ab664c16d75f737af96b86c7,a0ac52b35c3180f810b1caf5788256c4e704a269ab664c16d75f737af96b86c7,ipswich,ipswich,945dbbb45464414e94bbdd7050a1716c81bccab0868320b6f2d2c013467eb34b,945dbbb45464414e94bbdd7050a1716c81bccab0868320b6f2d2c013467eb34b,62dcf9a30be4265627e46af5271e3da59af433e2124b3d6944fcaf31d248b426,0.3,0.75,0.3,0.75,,,,,f1b392a162cd9be4a9c9f4e373d9b6305520d47e8ba65fa00d1eb90f0d81de35
2024/25,MW3,2024-09-14,,0,0.10229227697697368,0.10229227697697368,0.0,0.0652366901625,0.0652366901625,0.0,,True,f7396ece763f1d811edab9e0bfc018e62413f282866f33a2f8f343fd6b4d53f4,f7396ece763f1d811edab9e0bfc018e62413f282866f33a2f8f343fd6b4d53f4,0e6684c11b1eeac2b4b400289a55c2b97be3c3f6c2b28265dec7c280045c55cb,0e6684c11b1eeac2b4b400289a55c2b97be3c3f6c2b28265dec7c280045c55cb,0e6684c11b1eeac2b4b400289a55c2b97be3c3f6c2b28265dec7c280045c55cb,ipswich,ipswich,fc46f2ae32a450a8833098b9a4cefa566759e86f088c8d7de419f4eb31cedf45,fc46f2ae32a450a8833098b9a4cefa566759e86f088c8d7de419f4eb31cedf45,71ab415e3bf7a892544f940652e7845980978e31ab947642b1f2b7dc08de2524,0.35,0.75,0.35,0.75,,,,,f1b392a162cd9be4a9c9f4e373d9b6305520d47e8ba65fa00d1eb90f0d81de35
2024/25,MW6,2024-10-19,ipswich,1,0.0986816626743421,0.09922558313157893,0.000543920457236835,0.059104098537500004,0.06000648746250001,0.0009023889250000042,7.540713180497873e-05,False,a045057ef32a8c1dbb7aab1bea76daadc2ad80e1ead009ee505a1716fb774f01,01953b87b09abb7e49f9763ce0c644ae3f6eeb33414218b41853d2d6584548b4,2f6f2a0fd047df3f37b041b9a4be24ceec070ede14d498f64bd65a09d52dc726,4717f6ff71a6d7d05fb2b5fbd35a06c46be3d0ffd4e612303ca3fe70323a686d,2f6f2a0fd047df3f37b041b9a4be24ceec070ede14d498f64bd65a09d52dc726,,ipswich,aeb42e760e050dddf87e67b797ba7dbef73db308f2bc53b88ee0e024f47ef706,7fe81623616dbbb28743db1efd7cb281bfb21b85b6f54a6f42aae58b69a7e97c,87ac4f82c5686b11b6ec339f7b60ca646393243a504a7b224b2746eb0d7b255d,0.35,0.75,0.35,0.75,0.0,1.0,0.0,1.0,f1b392a162cd9be4a9c9f4e373d9b6305520d47e8ba65fa00d1eb90f0d81de35
2024/25,MW10,2024-11-23,ipswich,1,0.0819878557006579,0.0828986375756579,0.0009107818749999885,0.045819520687500004,0.0470240493625,0.0012045286749999967,7.232595610569167e-05,False,514ff5f6a03820a7ad55e0c56e10b8cfde7c04f7903680de5ef14ad459a63fd0,82fcb6af38b4281b444e625c980f39e6532f896e55fa2afd124b3fc5f9b3c663,ba18e96716e66fa7a2b64f0be826d11c584631d7adf1996e608819166c02fd3a,5a971e9c85ee9835dac2477673e29fd13a95fd342d7eb22db7e17d33803db024,ba18e96716e66fa7a2b64f0be826d11c584631d7adf1996e608819166c02fd3a,,ipswich,7b2db004f17f5eb4f2b19d659dc64728b521b988d429d827b79416446cf03ad7,83c06c394eb2464f112e09acbb3dc4354204b06be760084004482041c7c11f33,5e08290d2e9807c25ac50ef4b5544ba41528cad5fa2abffac316da226dc9d2da,0.35,0.7,0.35,0.65,0.0,1.0,0.0,0.0,f1b392a162cd9be4a9c9f4e373d9b6305520d47e8ba65fa00d1eb90f0d81de35
2024/25,MW19,2025-01-06,,0,0.05108912432894736,0.05108912432894736,0.0,0.020303319775000002,0.020303319775000002,0.0,,True,e40255b0d33bcaf702de58f5d479f8a76e3fbecaa282b58242daea52b5e2137d,e40255b0d33bcaf702de58f5d479f8a76e3fbecaa282b58242daea52b5e2137d,873dea46bba1871b75abef94d1ad83ec166b2c60ad564e33a1a03385bce8b806,873dea46bba1871b75abef94d1ad83ec166b2c60ad564e33a1a03385bce8b806,873dea46bba1871b75abef94d1ad83ec166b2c60ad564e33a1a03385bce8b806,,,1875e51d76891c6aab3ef9ab249a7099244e7401a32626b3fc877025b5cb4397,1875e51d76891c6aab3ef9ab249a7099244e7401a32626b3fc877025b5cb4397,06bdc8b7591552478e5862f604f37c2528ef2f69a8ab2211bfe4de37df58983f,0.4,0.85,0.4,0.85,,,,,f1b392a162cd9be4a9c9f4e373d9b6305520d47e8ba65fa00d1eb90f0d81de35
2025/26,MW0,2025-08-15,sunderland,1,0.1355707562105263,0.1365561213519737,0.0009853651414473974,0.11345108686250001,0.11332961134999998,-0.00012147551250002442,0.00021280189114933297,False,06489495b822b721b52b3acb9b33a94b1c9e7d5a4b534fa3261c4eaa7d47e170,36e432198b325cb7f61a336e82f75ae4ec3abc36064e6513514e7ff1fff607de,30c003b4d0155feabefe85027ebb90dbdc8608c1b293ee37c18b575e73c9f7c3,bed992fcaceb81f5c297bd1066abcd76169f2054faa9867c2715972616c6f145,30c003b4d0155feabefe85027ebb90dbdc8608c1b293ee37c18b575e73c9f7c3,,sunderland,e636739448848ae452d43639eec4a2e0745ad585e111d9d90158e5729c8af55f,3cde85e184bde239c8d185bd51b9885ebbd0030c00976577f91b90be1863c723,c0bda789a145e123070db978cef1a75d1d5854e72ab7cb4964f3c231fb3c83b2,0.5,0.85,0.5,0.8,0.0,1.0,0.0,0.0,93747b66b9599ec8f79571e31c08b66fb29c04e79d8b7ff0ab5ccf6d5066afa2
2025/26,MW3,2025-09-13,sunderland,1,0.1345815040394737,0.13430690552631577,-0.00027459851315791983,0.11537009146249999,0.11549948175000001,0.0001293902875000169,0.00019364986347031012,False,b14666b084e15ae9aeb71a9e3090cdd79bcfc098238b566cbda1244b026b8c9c,903f334acac34555b852272be5237c426dda2344e9a2041685a41a5c7d02e948,07b743ab617053c94c410bde850c0799fd2ac5c0bc7edd72bb17dfcc9525c60f,83df846901442df5b53203ead24cf377d9c08d95d389de70bd6aae6176b1c391,07b743ab617053c94c410bde850c0799fd2ac5c0bc7edd72bb17dfcc9525c60f,,sunderland,1e224577785b9f9badff7238ffd179cf8694e4373903d9a6f855aaf6b6a4594c,ea78925d59021ccd30c55dc7614e6fd0d6402fb654d60cab2fad299909d50185,dff943292eb4fe1079bbba46175662f5cc1ce9c0f6562d97a2a9914306c48ea2,0.45,0.85,0.45,0.85,0.0,1.0,0.0,1.0,93747b66b9599ec8f79571e31c08b66fb29c04e79d8b7ff0ab5ccf6d5066afa2
2025/26,MW6,2025-10-18,sunderland,1,0.1202599995986842,0.11992608207894735,-0.0003339175197368538,0.0996280190375,0.09981852982499999,0.00019051078749998673,0.00015585377806360106,False,3654ccee08a9e42adba8dfdb758a4202ca40f6a1496d39c84ef3593cc7447d28,5dca1607c4774a2bb1fb79079548deb4ffa2a9a0e53c0fbe2aa24aaee325e00a,17e9059de1486f47faded41ac49ae3a2f9d5ad960e517150a9efca6381518bfc,deddb2e06fdcbcb57aa5ade165748ac25ee8aa83e1a33fa38c81a1988bf541f9,17e9059de1486f47faded41ac49ae3a2f9d5ad960e517150a9efca6381518bfc,,sunderland,715d456d93f6f799c78ba85e014bab1e1796e18f6b937074e0da3b0e71109889,5236e950ab757b2ec04feb6073b64eb679d01a6b50613cc5d5ffaa40b6411a03,0cd1bb0cdc9a481554d4eedf2d346df8f6685bd38e512a610f91a4abdbd4c745,0.45,0.85,0.45,0.85,0.0,1.0,0.0,1.0,93747b66b9599ec8f79571e31c08b66fb29c04e79d8b7ff0ab5ccf6d5066afa2
2025/26,MW10,2025-11-22,,0,0.09413501013815789,0.09413501013815789,0.0,0.0806259299625,0.0806259299625,0.0,,True,05709e34863000fe30e4e0f64d99e4b57ea0ab4456ed804482752789e7f65ce5,05709e34863000fe30e4e0f64d99e4b57ea0ab4456ed804482752789e7f65ce5,9ae9362199ca400ee6ef02da139e05f919a0ac7007160fadb1d75feae5db7ddb,9ae9362199ca400ee6ef02da139e05f919a0ac7007160fadb1d75feae5db7ddb,9ae9362199ca400ee6ef02da139e05f919a0ac7007160fadb1d75feae5db7ddb,,,cf4961bec47a94fb4db0c3cddb4b4925f8f1a4d0eded53d2814232988e07f649,cf4961bec47a94fb4db0c3cddb4b4925f8f1a4d0eded53d2814232988e07f649,809c6d6111dcffb83b560e89155c886dfe18bd47ba15b40af4767700ab4d3e2d,0.6,0.85,0.6,0.85,,,,,93747b66b9599ec8f79571e31c08b66fb29c04e79d8b7ff0ab5ccf6d5066afa2
2025/26,MW19,2026-01-06,,0,0.07989389930592106,0.07989389930592106,0.0,0.0558741635875,0.0558741635875,0.0,,True,66ef707085f6a74b72ec74b417ebb81dd2a9c317d3860d78f80c6fd8365aec63,66ef707085f6a74b72ec74b417ebb81dd2a9c317d3860d78f80c6fd8365aec63,33e9b7fca34e6720c5244ddcd0d20424d7e0e1ec3c2f0a613d2577d40d13d3d3,33e9b7fca34e6720c5244ddcd0d20424d7e0e1ec3c2f0a613d2577d40d13d3d3,33e9b7fca34e6720c5244ddcd0d20424d7e0e1ec3c2f0a613d2577d40d13d3d3,,,8ad0bf1b18c55b85b0d1a225c8668cbedd71a110f4a58af41219b9c175c0a421,8ad0bf1b18c55b85b0d1a225c8668cbedd71a110f4a58af41219b9c175c0a421,03459e430e50c39903fba3ced89b410dcecc26638b9842d0e576e8d3b1137b72,0.45,0.9,0.45,0.9,,,,,93747b66b9599ec8f79571e31c08b66fb29c04e79d8b7ff0ab5ccf6d5066afa2
